id,predicted_price
2591820310,365163.9394273802
7974200820,894132.493756522
7701450110,1146178.4764385463
9522300010,1873221.306833712
9510861140,697102.6154051599
1761300310,260314.09831159053
7732410120,775843.617046202
7010701383,625469.4434849878
291310170,425300.4439326931
4232901990,555172.1564379346
6840701125,579642.358533974
3971700580,405502.7251093259
4202400078,253509.88641793872
6064800090,322401.66887069633
2626119028,219140.15965256447
3303980660,1099679.663304435
862000020,845417.2693770443
2386000070,892670.0904570876
1138000450,387047.8151475703
1775800420,456281.91278698045
2291401425,445713.7676986247
2025770560,903963.089747469
3525069037,731788.9992425223
9324800450,567545.3508964839
8080400136,562839.4140991058
8651540040,519492.87596747075
9407001790,247779.08160395175
1773101530,182454.43803667979
9432900250,337131.38636920636
1794500695,601700.744166921
2220069003,356473.0273160857
923000120,450102.3804939808
5728000060,541730.4503945585
16000200,257330.18221270267
1926059094,418838.7924761533
6672900220,915761.9129845751
3629860060,854503.6119223359
1822069109,420695.8617381155
6675500105,382443.4952683866
249000180,1924193.7982390022
226059065,522388.044423399
396100110,258576.95042370816
9264450460,309771.4209133974
7853361210,395238.862499558
9474700020,273418.9598828277
421000455,237549.0430839734
3755200220,418050.2382429678
7960100075,487588.69307534216
9477100490,409006.2856475526
9138100350,774097.7035793031
1624049275,502351.7935441791
2770606890,535839.9165921854
1157200189,435559.2639939204
2770601800,540684.7296428402
9301300805,511634.1415566002
2325069032,1104556.6319417958
1021079099,344675.6838917159
7215730040,764333.8154643227
1853200080,376042.27599896316
3224600340,709512.4384964373
3222049120,425736.7966657042
2113700025,286101.6040365479
7893207925,230916.37122189152
3586501085,626526.8439451347
8024200010,437262.13983925944
7116500705,177670.4435648974
1598600209,302334.89155818196
7204200025,782260.7823162656
4206901505,566103.8016603079
2937300440,875335.5693510991
7205000180,332751.487516506
8718500665,377728.5909926291
5318101765,833773.3319717639
4122700020,1059101.9414030686
8078700020,482365.4658080769
3303980680,929412.0772189432
8924100372,1222958.8472795042
2781270210,208438.4076249033
519000043,570714.7053514818
3225069301,1452941.71240664
151000075,763836.1227833087
2297400020,451101.630700031
6617500085,605180.7855102267
104510180,240350.0458658739
3528900060,895887.5270912064
3345100286,505444.91423445445
1226039130,433897.2143840819
8712100720,742256.3032997866
3037200010,378678.0272502345
3626039268,430562.27122160164
104510230,238947.06698201236
5112800060,410380.2305449543
6072400280,602953.6661866414
5317100570,1110056.5898224148
9528102993,561153.1873536406
2919201095,492985.1642376846
6181400920,250269.2473975552
185000161,254866.21161116372
8691400010,736267.7438673886
3345700165,563480.7380318742
6151800486,225345.06442121984
4340000080,1227661.630871106
4136960010,530235.3682144219
3634100030,335841.3351265929
1624059224,1038152.5886872037
2788400090,266941.57748300984
9828200762,445222.7232705917
7524400250,531919.5640442169
3528000290,742226.6667226698
5700003630,1799658.073731778
2720069019,314787.89066836564
7227501170,238698.5824795483
2397101270,621481.5582861552
6792100090,756014.8623177889
2770602265,523572.4723491479
3971700937,296827.97690966685
422049203,230873.24013750232
3076500830,333311.0955537215
1423400260,260987.93689471929
9161100795,427100.09291157627
3126049052,504613.2569275232
5100401468,405044.9753325396
514500235,432442.5607984513
1423200170,193466.10411848666
1402100070,413851.8944192576
624110020,728193.4063974092
2407000145,206745.50574185717
1890000225,810645.8543358897
1320069271,316199.0045908689
5490700085,374868.95622257714
263000155,450208.063702993
3726800201,432415.0324575171
5153200358,307288.0511402171
2725079018,788800.1760731412
7165700200,270757.835158526
9429000170,572518.3592468165
8718500075,347161.5527612647
1760650950,300774.81922925316
1068000559,1189524.593590078
4113800500,665055.7118654398
4077800507,567380.3050585637
2725069150,729605.5055114682
4008400035,636532.1869911591
7016310270,424291.83663819835
1432701230,210936.65082422123
3278606050,325082.42664843996
2473350710,381253.71755586844
2185000685,168155.14969624285
7792000025,384503.9484807523
6868200029,486942.23724901327
624069003,780105.9101213049
7431500280,850340.8234680984
3296000040,586562.8220437495
1118001215,1777324.2521080633
6453900040,696051.6896217469
333100209,706755.5138291597
34001765,618263.0022715254
8946700100,384214.7746269665
5561401210,570769.8047426513
6671900095,341219.55518144905
3275850020,703724.8151386859
3876300600,422387.35759267514
1450900020,254643.0513691505
8562780280,329728.9256043136
7663700973,312425.39344956976
2126049032,350510.2789043355
1823059159,213145.63437212387
3438503426,295742.6839619625
9297301495,568774.6726930238
7140700850,354825.02586100285
7942601805,736929.3693871005
2555900030,349975.81523552403
2887970040,266217.1335962946
7419700010,614446.4074310015
2239000011,399153.5081105144
9283800050,357592.3028878098
9407001340,256869.32741964073
217500140,529737.9875957282
7212660520,239185.7634914565
3298201170,344721.0221255316
3057000400,286325.83329048957
6865200444,495113.1183038887
6071600340,528856.4422088516
6821600005,666865.1410467719
1235100371,805341.7773464984
7796450340,361966.4425078579
3603000410,163147.21610627853
9297300255,519102.0197059911
9126100850,539853.1889919557
2770601462,505200.6752928455
2599001500,226261.4708806182
1102000095,772286.0731608238
1853080640,952396.5280621783
9551201585,874808.1336258613
3438500796,302289.8693102877
7518504291,524257.61900639586
9269200340,419629.7726379501
715010130,1459273.035404092
1982201485,645970.0499190884
9526500080,375458.43029883935
9277200180,445756.83612481743
6669150280,306086.6175298065
8917100153,618621.6510101169
3760500516,937525.4134598142
2725069050,942853.0421793332
3332000091,340750.4367307441
8562770080,606694.2826765024
8151601190,268190.89881273155
8563040160,626487.6993416714
240000269,649164.9428897052
4307350200,314291.069944467
1311910300,263038.74335717235
3574900030,505204.87927096535
7853230570,432378.5147775205
320069049,386328.1243093448
9839301060,659559.5176198471
7011201333,623364.5281623843
2781320100,282952.12589162856
3421069120,434309.5227218944
7852030320,469618.61809799186
5316101075,2207261.5804164675
5309100750,534678.8343905386
629000730,699562.8421648955
511700170,284206.4757261866
1562100030,549006.6620820557
2489200230,562895.1788958246
524069116,530480.4956882512
5315100737,984804.1623276786
1868900675,797841.6453785655
1608000120,346158.5565020473
705700240,353771.38357029954
7575600610,263513.7412455596
1778500015,707091.0477138
5423500240,203758.861131737
6713700025,341590.2641504767
2734100734,284595.1620160445
301402280,192807.26705656754
2113700205,283726.69305868424
4114601570,3481228.454432965
3332000615,338615.83546853013
3630050180,347291.97992689844
6852700520,538141.9474589407
6870310010,628984.5847662893
6163900981,316146.6530090099
393000142,387735.3618513354
1771100130,329690.3365222848
1442860160,390075.11955724895
9191200435,551299.3913988234
6788200800,1042014.3227606375
1115300070,667388.3965917635
3176600105,766069.2680486441
2770604665,596538.0824430193
5469500580,403728.435599592
5680000545,464701.242768712
3424089119,557745.782576724
1328300180,340687.72469502
1773100922,336207.61835790385
4123830480,336933.2763507461
9808610190,947556.4951180466
4250200140,275935.96045479877
4217402115,4195011.9689663565
3831250350,361091.5064990631
2397101055,768092.8286545156
6817850110,854984.7384680202
7526800200,640246.9166737414
7853370100,640316.175183476
2523089025,956532.7919981655
9476200680,255421.77516216892
5714200140,401520.55058759754
3575304895,536895.6077659962
263000018,407879.29967700917
8080400177,526536.8852320432
6450304130,321411.45033817773
514500090,543848.0014659662
9477000300,444097.8795733382
853600310,1500747.7599839792
1951600240,197602.32324457684
1099900120,329224.52309630555
5323100120,552784.8966115857
1223089016,470919.9083267675
522059172,242812.1703661445
1930300190,679868.8203029194
9542840410,309697.20930703374
8665050530,499143.12006381305
5592900205,352211.8480560851
5450300010,614721.3516302018
2459960030,335909.4687716523
3331500455,522097.68461130786
3432500705,421911.2859230962
3702900165,300500.5490582757
5249803550,520330.0938675951
626049058,459212.50120208034
1788900380,164324.08279612553
8075400360,201259.62541479623
9113200250,779370.1157865889
2738640040,680068.4461995447
7821200307,464725.90932442126
3530440140,236783.3128174316
3582700130,440985.8423200237
9276200569,749304.754917193
7197800020,596017.308897008
686200490,536424.5096850136
3501600100,354006.37930075446
6383000690,607912.9424383118
7604400150,342288.2425825201
5249801411,743959.6993981209
2607720420,459211.0775478724
9561100010,398144.7326451762
1796370590,247940.94958165492
4077800593,393089.23827627907
854000165,262174.1566360818
5536100010,805146.586376672
4188000670,846393.8350651684
31000165,1372427.1622755153
662350050,922447.8552600094
4137000280,268988.5886549083
6169901130,1033908.7892861521
1953400510,251717.00924109176
7518506716,924553.3270037663
1552520010,380384.73213326314
7955080270,322106.2334106652
9212900100,548572.5550738706
3438500798,302212.4408165951
7899800890,240132.8531440523
4319200605,523181.10937256657
1329300480,349474.3808388692
8935100100,825003.6062177756
5016001260,458025.3727492308
4337600280,281786.5255493144
1446401220,193734.40956893927
7135521530,657899.5126031222
6888900115,318090.44964262395
2413301070,307558.058889665
345700040,265360.66252170125
5566100145,464333.3442812283
7634800070,383840.8252029248
9346910500,586621.2457572985
3529300060,302808.2999893898
8128600060,1093049.2208642578
8572900275,200208.64728733397
4139420590,1444719.8743471913
9274200322,591278.9175192737
1472700200,567315.0494411546
8820903380,499426.2414873796
8563010130,795672.8757901819
8965450110,857788.3286518806
9274204230,536974.7777126523
8165501700,346909.2729400753
2193340260,538882.7246146089
1860600290,926604.0087731918
1222000055,218491.84712227588
2492200280,503494.633906768
2488200455,364893.29909989785
809001520,1134174.5180546911
1796361140,238666.58911283137
6398000011,707496.7342170838
6813600365,545803.6984667754
7504100920,800089.0762572251
8835770330,621855.485838455
524059322,845805.6162358426
4307330280,385334.2722836523
1245002952,1119757.2485721072
2021069059,259317.80740861638
5700000595,577312.1151969157
3629970930,736618.9624261515
3336002215,263698.25889289647
5100401060,651783.0996335445
3278600750,275286.84609877196
1126069045,958188.0309291667
7568700175,309081.8039369977
452001475,492827.66657898313
9283800230,541087.3661538935
1737300130,572775.0571576054
6189600040,496778.81637910544
3679400025,441324.2052419268
1096100010,321366.7045211585
9513900050,242076.3476102743
5452800645,729853.351951495
273800100,235494.3622235395
7228500037,471907.5027446772
808300090,458588.71708259766
2493200215,531557.5509775027
5035300255,742757.7555769653
3380900160,385099.4540945241
3630000130,421572.90424508805
7300400670,284189.4973909994
6798100070,367594.12463675585
8078400010,572823.950563023
5566100060,522942.4607159357
2768200212,493144.15302142996
4035900060,584353.5098147969
9460000110,358812.7076963475
7199320190,576291.3238190903
2225039081,472709.2430035432
9512200050,576609.2482359308
2634500085,320591.9868748276
3654800200,285303.80729927385
2724079090,1347683.8084309231
2597520720,791394.9082934741
3034200426,383692.2709989909
984000130,295493.3791810765
7852020670,441831.1053142835
7923500060,699941.7123822998
2310030510,290955.416826477
2205500540,493937.9071745044
2493200015,449324.15068164305
7853361420,561880.2431871446
5652600605,553119.2627242305
5285200020,287230.17122357903
9406530150,366632.8233897994
5706300020,474848.2387042314
3278602490,390362.897908049
7197000100,556432.5442569968
4447300008,544512.0183972315
7899800045,245041.8302647509
9250900095,341433.37344184023
9268851740,619162.4670452595
8682261440,511124.9404326816
7284900385,749020.3262937117
8079040300,427432.3759351872
2225300585,388084.3385649206
3223039013,443271.3194873158
2013801350,249036.06191600495
4055701110,771182.459732629
3578401770,453940.148993998
4046500720,530745.1902679189
6145601745,340944.05546966323
5207200195,691011.2395485658
1972201856,540948.938453758
7212680080,247595.82797445328
7277100510,676254.3529944398
522079022,610567.7565265337
5605000440,835800.7813425114
6632300230,383022.93516375124
8815400165,624791.771099784
6708200320,502541.43625696335
2426059076,563234.5276435799
3260200200,562280.1225392185
2770601741,495024.641194787
4338800500,228094.1027323547
9201000320,788819.5599174891
7655900038,332553.79959858285
3625059140,567494.1467213748
4222310010,202523.78091238555
2114700115,315449.44659694005
3291800710,328190.27610183746
9406590010,402233.58060860384
3025059124,2531896.812717117
7972601250,404370.2495419913
930000470,844366.5104935982
6690500060,554288.7680144978
16000015,203443.07050914684
5693501102,586853.79464792
8079040490,445553.6501524626
7225000155,359440.88914772414
8819900170,739173.1122225801
7972601270,331796.68384759175
1224069074,824820.1681639919
5126900321,347141.3776022521
3438501860,290282.7172153427
2822069080,442498.9008261253
1656600310,564994.9959529437
3856900507,1304868.2390032746
1626069139,481602.180218093
2524049257,1364767.7970028906
3904960150,541448.3037763912
7214820610,467383.0606432808
7977201845,606118.4681067573
2428100080,781945.6544335881
2202500135,441527.0659428066
1523550220,641436.6200408794
2313900610,481728.5301626433
4123840050,381937.98428602953
2125059124,1017712.1604353118
1225039067,465104.34294298117
6431500283,460256.57361378707
2473380010,301018.171068924
5694501195,404009.50249758206
2881700046,386445.084685568
6837820330,330696.98158122477
2337300370,194352.68352809284
3876540630,231886.797496504
626059317,350412.5344639634
3374500520,346487.1458043602
7228501903,370689.9199657733
4019300051,455966.948540274
4232902615,631717.5375124044
3546000090,249965.25552403205
8127700215,707057.6759898197
3438501100,355888.6346243385
1769600066,724033.0798505305
8146100610,613894.4568236454
3052700695,631990.6403845958
7954310210,622757.8335110231
3761700053,1955683.549709181
1320069179,347739.72187083104
1331900410,781465.1426390946
7303100210,335122.2311816932
2464400285,516487.65045575233
6163901150,347550.87608907995
8955800045,325196.5080154956
2314300200,420684.763588571
9528104360,411043.58591091883
4177100005,612026.9964393566
8856960260,314882.3728494375
1828001220,622906.5718900828
3066400710,674108.754120687
624110610,845747.7211414196
4040800260,424927.3027901291
5019500215,515284.29441423516
2481630180,941739.8817777224
7203170190,644659.9847712228
510001280,864271.6525659774
9430110120,762650.1008115489
1565950030,327721.0091927893
9828202255,751019.0260735145
3878900270,399053.05482019606
8091600080,202887.60121950338
1112000035,322471.4535185662
2228900270,301104.3268435205
6648701740,294497.7038125981
1245003740,648982.0563926824
2174503441,512846.6159080161
7708250010,309159.61992061476
6072300110,574746.9228122827
2329800140,262405.21627442806
1494300040,537203.1934507622
3832050130,287191.8630818714
7203100730,886146.5598588536
7199330170,480081.78798703797
7785000220,745263.4475992008
1250201175,397421.4738240338
4054500180,1040408.3093649719
7905200061,438243.8601553345
3751604895,189000.53004303074
5220300140,285614.23764060193
3323059027,324557.6465294366
8651611980,857253.922954914
8673400190,559046.0205054082
1668500100,806745.7070483356
1023059365,561194.3483667553
3308030060,328280.9450455196
4232400860,907148.89838384
2144800615,241967.1623387721
1568100920,1474684.7558267321
9406510040,485330.4972715885
2923049421,346442.2988175594
1051000040,1702017.9144162326
2077700042,674672.662004871
9423800030,254504.65530455843
9818700455,629054.8849145892
7133300675,358934.0564063632
4113800550,664910.7481665039
5553300375,1836247.4748839936
2025701530,283963.1841148943
7942601155,449479.41449963226
7524300020,273138.94448645617
2520069100,306097.0253657685
5412300410,210072.68524409187
7504110760,744643.978360622
2594200350,361943.1838747768
2722059013,229727.3210626478
8078430480,547018.0104590763
1423069162,529399.3800741597
8856001090,150991.51447644262
7000100631,719994.195222161
4222200280,236259.58917297953
7971300050,641094.613517422
2009001600,223431.8347785313
6619910140,607774.2818176419
2877100985,565339.1497838725
1196000007,362218.31523432984
1330850130,735973.9132630823
6664900410,264398.6331379939
1231001110,331059.5600435365
9235900030,287300.9160369022
9407101840,310220.61523646046
9523103001,429874.06824866455
2149800278,354659.8962935594
7234601198,662394.7357837007
9476700035,425963.02136685024
9297301065,573944.1281762321
518500700,769332.9399677112
7843500090,338047.0284782234
6056110780,293009.2868669964
2345700260,343173.94507670996
3509600070,243534.52916983183
1431700280,332532.856446038
1623049174,285312.99701429013
3024089049,430722.4962577939
7853340450,391168.5584960727
7732410360,753233.8990343717
1446800995,289954.81880266324
2946000285,233235.62839126674
425079100,473289.84703130566
3876313040,432190.44943836215
1762600260,1056361.9280753385
1925069121,1115471.7609147
7443000480,862947.2953870794
7820000015,360706.19844123995
4027701253,498394.51096640987
2826049165,386558.4875101524
5426300060,879581.5273217345
1278000210,157475.7671077231
923000270,345682.9765030646
7657600005,247643.98094867487
3024079057,382746.50637833757
3276180020,313921.60150333267
7304300760,291894.8715265512
3908100020,519519.5394976202
8835400805,735204.673827387
4051150070,201937.04503777763
3904930530,476376.657367552
6163900971,351194.3654069188
7942600310,438197.0226105922
4365700330,270258.4578464155
423059207,288733.3871345263
3992700265,331685.5674360215
7177300090,467128.1988917955
2540820010,605845.6140136862
5700002510,853894.2047973402
5201000030,576652.3807690853
7631800015,1923828.577964796
2922702965,671900.6485831083
1525059198,923378.7462415269
1245003160,698696.2668174291
3810000455,320000.63566233695
7855600080,611961.1270073849
5701500030,1193475.15448845
7504020400,630852.5738233335
1402600570,306767.1142234072
7575610760,266346.4536939216
8731990370,373986.76243681606
5021900090,777812.7000447027
290000075,455969.8810764486
2841500010,450479.0424523615
3955900830,440050.99420420785
7852110140,553622.3543879697
1311400350,242386.81437916076
7773800015,538570.7777559713
4123400320,526400.5822057098
2725069157,857216.949406424
666000143,762385.2352303334
5101408678,520488.581196729
6371000026,384315.23965244
2024059084,643087.1635781659
7283900036,332766.0608016734
8881900230,780108.4899278494
3959400135,377268.5073642244
7696610270,217386.5952289769
1689400150,789854.0776944666
5103900015,410121.69906824845
1441000350,458015.00249119423
5101408735,326561.05273972504
3126059027,2006251.185643161
2320069014,499486.96347391844
9541600015,634906.2577283125
8682320420,733575.8873237936
1562200090,575233.8236320559
3395070980,516522.5472802014
7349600230,251872.31162180263
522049122,286790.95026528963
869700060,280183.93600371986
811000055,1325637.8114174814
1221059176,427825.28757434967
1523059103,447238.71838166704
2025760210,734716.5585609707
9218400088,335654.5588036294
8682292020,458743.2832802971
2623089135,445442.30159078847
3758900259,1282027.1715933832
524069049,589059.1217998379
3121500150,821242.4902885858
5581400080,800811.5093718163
8087800020,465238.5217746177
4070700290,849919.4570133748
3296000170,638295.9137330493
9238500040,545406.5726564701
2744600040,368137.0548797563
6813600380,607482.7968064373
6140100150,491396.1937591243
2201500555,445991.60430496134
2600110250,628430.2255747172
4337000275,151634.2410647849
1186000150,550115.7305492549
1972201963,519785.7140556211
1105000745,362488.7933706014
2887700560,586316.1068636742
4039700080,614857.1267437049
522049104,295904.5602322221
4202400078,253509.88641793872
7520000695,200522.82415660357
7714000310,404787.70876339305
4319200060,677220.7749241496
8624700015,574740.706702083
5104520610,314927.1452058171
2354300845,337818.79441488447
3824100291,464084.43792222964
6151800612,253178.55574686552
5454200080,846215.9735186344
6413600290,363278.4973683005
2131200065,305032.31952558615
1459920010,260797.46533120476
50300090,403237.1372861531
2326300090,651488.9526798528
7714000070,405075.1823735214
3630180500,1008681.3810063378
1727850340,1077829.543829233
8691430330,976516.2343628991
2310030390,262569.3480205651
5561400610,515463.30788492016
7010701016,504973.87727844366
7883605915,246486.2893619746
1282300995,345863.91155504505
4040700310,480468.35339438595
3353400435,223475.6727248086
2143701015,496270.4480755598
255450020,373490.3044486951
1020069017,370298.6377945186
4038200120,507985.46658804826
9284801100,352342.20893886243
1965200075,614947.2544839617
847100047,532604.0854630717
4038700720,545977.2808474348
6815100085,792341.0704030799
2508000020,285654.455218019
255520180,614339.1151041406
6822100750,561136.7461953998
869700050,323073.46413864795
1775801405,561846.0731871353
6600400090,222983.560113405
7202330270,438574.768103073
1683400165,779312.8191071835
2625069070,1068804.6617875933
7625702440,426078.1864748536
3388000640,225636.59972985907
1899400365,301141.6658053533
6899990200,742815.2864407192
5569700020,874352.390631466
986000045,284036.1066790811
3293700221,309831.04248207156
3764800250,381279.7435728527
2291400566,383845.9157160064
4219401236,1429087.530787928
4239400840,162186.07708193408
7211400990,217651.54376364796
7696500280,190861.61545146376
7215721070,514619.61470433266
3204850140,358646.845104072
4322200220,668021.9953856798
2566300100,1172849.2577023185
1944900090,442294.1132098685
6648500390,299286.21493230667
7385300020,740920.2654335691
1704900135,370355.2526422598
2877100655,785650.2419617611
2726079098,586597.1128987219
7625703800,450641.8061270522
318300040,510274.6273098303
7922800190,535766.5515023087
2023049361,240654.75839700658
8946400210,477206.18371863704
6071600450,540097.7543551581
4343800100,410171.9696755679
1443300140,377992.25133356714
1024039001,858778.9945446688
2767704860,586612.5111384506
7234600851,670902.936222853
644200065,805991.6641977034
7784400035,697958.481823657
3826000560,220291.03655069042
9272202260,497712.88506968605
263000253,403040.5182661115
3621059043,603601.9681812632
240000130,519086.829525321
1352300120,220796.69070590008
7849200861,298524.0560680018
2487700130,518213.16426081856
1796100140,311335.718199656
7234601221,519046.5263485263
8651710190,471917.81275742064
2916200091,533956.7387264153
1232000915,533241.5255234325
1545801970,265856.8261396416
3211200420,320526.431241105
7686204675,193094.83141075654
3141600210,191551.7388847861
3959401284,485493.04779799306
2113700825,240249.49493899185
3876000710,394846.87356630334
522069022,505227.50767673197
3214200070,337665.1535354205
1221039156,295927.7312371028
259600790,434171.67959858564
785000040,495145.4520734389
8138870470,499334.5435243173
2596300035,304567.0790416024
540100057,1629427.8223069364
3073500045,521548.1633851957
5363200266,422865.95836317335
8682261650,523571.0258675789
3224510080,838146.0516046413
3211270160,428663.9234896585
9269200520,170725.936726323
293810190,470072.8146979162
4197400043,322698.3693512363
3026079031,308326.41906677233
5332200405,908505.358400015
2473411210,312080.3381914344
9268200315,521578.5279033008
8123500050,635013.4966444906
3221069091,531630.9439457154
2485000165,673700.764942352
4058800215,539471.792477779
1926059039,749626.2155621186
2533300680,934097.4348524378
3343903640,303084.13418051286
5700003705,1335662.712804994
2023049372,422493.6410249817
4058800830,538847.6753560595
3333002302,375498.49617398815
2944500340,283182.6448633289
1982200790,590565.3168575382
8929000270,490815.04743221635
8122101440,302062.5303498963
7525530470,797828.6901174033
9332800020,691949.351400037
3878900525,238876.28225164345
5420300210,247939.0544514468
9232900165,338181.21137397917
6414100026,427505.6727847882
3013300660,805804.5684262187
7954300120,576338.8356703653
1081200360,343284.83571039943
2877102345,509889.8577560428
2202500255,473209.1243460194
7984400050,222038.08116122268
9558020380,467618.57653010124
7812801850,228683.93146266733
8944460020,381042.1771670197
2306400040,548711.2911567902
8649400410,314129.88882180216
7889602020,232445.91427240384
2041000025,506528.0504976959
871001484,583794.7311879715
2767602141,545286.7637604779
3630180470,798397.5164387708
2769602140,501332.3044200308
2473250280,326647.8052135796
5422560660,529469.2748648194
3756600240,364883.9934390128
8651600160,754075.9092362208
7202300540,879446.3043701178
8961950250,441083.8781976101
3303000130,437566.57868502836
798000062,277398.8161530393
1695900150,844417.1785637788
1604730150,506163.9523545884
4136930310,353506.33933022927
8835401250,1418217.1119118852
8665900328,419818.439721647
9262800255,282032.8943916563
1853080570,823668.1854591686
5556300114,811718.6545735435
9517200290,435753.2309423158
4037200295,485672.89406872576
7417100123,385843.2604786746
2620069077,207631.07699321955
7922720040,666611.627385997
558100090,497909.1205165389
257000037,282116.8429847578
3319500385,438805.677231059
9297301520,349559.11251740815
3580900090,369281.08562516765
1321039076,172167.946873988
7227801581,293287.0784514038
9407001620,312558.9586352769
2130400150,312986.33767092804
2312400200,241913.89916059526
4046700210,342627.12501204625
1193000480,952037.0610901746
1492800296,589415.1224965884
3013300017,412764.64839589637
3630240140,622577.0853170259
1049010390,349846.4410637829
9320900420,151221.80617497294
4315700060,442821.78475773055
2591010290,308148.6059279544
323089085,605844.6542760786
6600400270,195695.29490319215
2919701105,466247.4013909103
7202360670,895816.6124391723
8927600100,748831.0564326887
3211700045,625030.9537509846
4027701326,488082.1313439746
1601600195,263443.07840663806
7853280350,731653.2476146787
3629970130,719942.74075583
7203120020,802831.2941291294
9542900190,365727.1456176498
8035350120,511205.24773533666
1238501184,932016.1334472522
251200240,481033.994616707
8945300200,183050.44814446027
2162000160,1142917.645453076
5466310060,169116.4046559863
1239400064,938903.6163203996
5205000020,336863.86391144886
1720800305,629753.5943797085
7280300375,592632.6618192233
2095800400,474037.7821245036
7852010950,553704.3018796943
1428001160,522747.28274121066
9528104910,781653.74915341
8644210470,856143.8130220852
7923300310,514437.62908175215
254000100,610879.4586794968
1931300688,487451.4093765592
7007700030,451825.71534880484
422049178,210164.143741929
422069067,495591.5158746892
2923049393,401228.58064349176
930000305,454981.1446510257
2461900448,516124.6266680061
2610100020,297976.4233356556
2895550050,244913.26149929335
7701700040,297567.8340616757
2460900020,449538.51862848265
9827700105,572812.5866398807
1005000240,271672.75612308376
7200001254,507379.6357101652
866400040,500519.9973777928
305000170,664635.6743857632
2260800110,901737.2419461205
3442000127,653129.6271675519
5253300437,464913.2262733542
7576700150,1034339.4976952218
5469501410,490116.81255954615
5104531120,727735.7343613065
723049434,289631.2894057865
622069006,1250828.6704217084
2517101200,310115.9996729571
8159620160,240152.13397711777
5561300640,411683.81281671557
3317010130,220607.40032024047
4364200250,393519.7472197243
8732300060,686534.7549592078
5603700025,744573.1639337089
3585900190,1049617.6496814524
3996900575,273979.2279853581
8731801260,233627.12233102313
3810000860,332855.4437076363
5700003585,2000160.0717171992
6332000050,464978.2329119602
9286100250,429766.8688830202
9471201110,872640.7755479878
9290800050,596945.4894892167
7300200400,642827.5661851832
526069024,819683.4136606287
1454600156,938576.6891571182
3904980360,518175.28488704393
2626119062,271108.4847967926
8651730290,448757.91053327924
7611200195,735140.7591051259
1919800260,580108.8982812436
6632900354,290879.5397754155
3972900195,331154.8882682102
5151600170,289997.40917838685
7016000440,469968.42025492666
871000435,732004.4630889024
9578060540,508237.6168760433
2332700060,807840.4246737178
766000240,276535.57907197013
4363700200,325685.51946152654
7100000250,334138.11601278896
2781250560,207689.84584748943
2781250100,359974.56358227145
5419800220,252084.9894532444
7147600245,265124.8145530933
2926069083,920074.1184642415
6189200125,796847.4190901726
9542830160,297826.3182220936
5152200020,281179.4460175393
9412900045,457322.9230264537
6600410480,188494.58035534565
6979970080,553242.5539916271
5636010280,276239.2638279351
1732801300,1020627.4461015797
5561401530,517945.88926820003
9578500510,349939.66121682676
7304300906,305414.04313727346
1223089077,581253.4478818986
721049207,268481.47908818146
8691330310,830422.9390127286
1523069204,463678.6525386533
3188100105,616837.4713181021
6608500290,438458.40857916453
2891400410,369477.24930283177
7663700551,319429.32904810575
5413200140,247818.4162414961
425069139,623594.0586883042
6713700155,350985.12787647126
2767603505,444898.6394832491
7789000080,241195.5593775474
9211500620,223076.00387496199
3750604417,207976.44086851607
7922800320,537470.7667686417
1471620240,373547.73624791566
2222059052,331961.56680728047
9551200270,1107715.5633323814
2767603160,553296.3582321613
9406710060,374181.0552825951
8929000250,357979.8959343107
5538300120,432754.1576007729
2223069120,442935.371946016
1652500060,1650981.8775858292
8564500240,421985.3273474572
3629700120,617263.8979724343
3943600070,393141.3264045819
4171200025,302044.6451820001
2425049063,4056905.178825425
9828701650,385867.47115521313
3581000340,363332.6992586246
8100900015,384075.8604875631
2125059161,1206760.6699429902
304000380,205728.4683526762
8146200070,1481356.9331873215
686530170,581310.5267294558
2917200645,442880.89731166634
9547200530,857476.274560066
2122059199,378037.45670485473
1150000740,636285.5775837328
5706200060,339724.81135095144
9265410010,225310.2633066854
4083800555,495224.7078085666
6152900332,349360.215001317
2520900301,232669.40592763224
9828200790,538936.5859618305
1657530180,289395.70628065366
7471900045,256549.20623680326
9828200460,412335.2739906003
1775900140,449856.18225978897
6139800430,464750.2359468929
7214400005,510984.3385267977
5332200026,544918.4105823734
9510970300,820415.9820828884
2540830020,432330.4289248916
3392100140,195100.01048215188
1326069191,357132.5585699873
2125059112,970351.0269580776
859000022,320820.525035345
8854100350,642314.4386804124
121059007,218465.70266793648
7977201707,551055.5654722217
3859900060,2591596.116013412
8815400735,722623.078259439
705700530,340981.7239466088
6600780130,371610.8489887599
6378500105,406466.72145071876
8143000310,436971.8844118135
2877102330,739027.200075679
3526039074,596597.6417496799
2115510300,251319.9821984625
3024059014,1872503.8459765925
2141330360,597165.5865607084
546000400,487357.5289225219
2071500011,416447.62776709674
7972000240,221680.78300608863
7016200460,455405.31504771556
6204200180,428601.2718389622
1552100135,1119778.3877523243
88000173,366876.8598103837
2581900235,758803.9785965759
9211500560,236052.43180280173
621069218,449142.34790996485
1321970240,297715.2852673778
798000630,323881.9147465634
421000285,260685.42308855537
2824600180,889263.0403803661
3832051140,321543.26559598185
1237500105,714949.9056713169
8802400906,263328.56215922604
3166900270,382529.1850834706
3682000060,346365.1407635515
5469700020,278343.4447966861
1245001820,674333.6500759945
9547205660,542654.1396866135
7974700122,778798.0381811679
7550801225,563230.2664782164
1099950050,709383.9364601901
1402900460,314077.2161389893
7636800041,1233428.0490573612
2115720270,255756.04608549917
8651441750,188922.2362290388
3904100035,232283.30371831186
8815400020,603212.5772059239
3303860590,453285.3773839928
5427110040,1282910.9304121654
1782000160,342142.60848871234
6204420290,468120.8865991241
3995700245,286179.5045733709
7955040130,453895.30918919924
1442880650,513443.5391382463
8833510230,809288.7411299986
7283900551,415255.3246142531
4396000180,246610.6118616697
7504021310,654742.557553438
322059264,281418.1468527955
3654800040,281238.10522426444
2767704777,508870.8303226276
3278602190,345569.0525597668
3236500220,519576.99969464925
3410600100,272327.8161137268
629410180,743666.4033698188
3352402250,150784.39180299267
4363700304,338509.89947258367
7237550130,1331016.4342933835
9808590210,1208096.344115533
8074200175,279342.6728285596
3463400330,437208.3952128132
6306400140,880229.0244270866
8564950250,530687.3828400732
5381000070,234038.3088926538
9826700697,456788.2369601781
8132700190,459689.30592064594
7943000020,161947.83350309904
9547204675,604998.7233022781
4112100101,515294.34185011085
727500030,708915.5232308861
114101426,351067.4356132082
9274202005,766729.6034668118
1193000380,898250.985841911
3039000020,477804.9902657631
7852170130,663962.2999602271
2624079010,664725.2540310174
4137010540,294188.72334174963
7576200012,840030.5086064287
1138020020,357931.7841442096
3969300030,209968.0156089158
898000200,215301.74705538605
5153100030,304743.62277918984
5104532030,534523.6625791411
4406000050,211703.88050518834
9274203390,589089.4786957337
8682290360,440972.96805691667
6928600330,261212.7111931791
4139680070,831044.8901772898
6844702690,454968.49335903826
2154970020,1742576.2980610183
4385701285,1099236.3412650619
2426059071,609098.8411041163
2867300160,471127.44398542045
9512500720,532873.1769053437
1773101020,313214.3396501015
8687800100,281229.30416915234
3627800050,1513015.7196366459
1604600227,293635.7548311683
3300701170,409826.2582350949
9250900111,480908.84845975734
7015200790,641486.745374218
1311100490,245106.54695242978
2469000010,835002.1288150687
1982201596,545516.8393527152
1862700290,344808.50217069796
2586800270,231376.02024419405
9528102772,487683.79975369567
5490210200,454211.41556002724
6669080020,436039.6412037656
179003055,210794.0679511343
1860600535,933070.5143794313
1592000130,615366.8092434877
3905040170,549891.4266460214
9320500080,256681.72601737053
9276200850,503929.04210577055
224069114,641131.4729518796
2260000340,588546.6490598199
5096300130,422171.448204949
3432500215,369453.3635798203
2600000050,707242.7845292779
8856003839,224502.19371318427
2492200435,437902.5776988603
7855900110,1157684.8326279847
6806100250,320602.422443163
2770603523,488295.18330006156
1370800515,1709728.290293361
2726049150,495285.42001434223
1226059161,594292.5049848652
1068000375,3068727.628259397
9528104109,477250.9467159016
5126310060,510964.07895607327
1951820070,543703.1841911852
1545805980,413994.0755892395
9464700340,916829.948109641
4319200675,904317.7443692395
7518500885,566800.2465575562
7852020620,478911.76856766304
869700370,338884.1293014992
8643000190,260124.7718423651
8902000267,585884.6984878024
7972602435,258561.9948604778
2050100210,946255.3666350993
6705120540,471664.6295101636
2767601390,598556.4857304068
4141000490,1212287.487961774
9345400350,710328.1386310814
3222079162,318580.57268109743
7789000120,265127.4149924023
6646200770,712558.5174644969
6666800180,797249.5178128445
1725800280,456920.45150008507
6117500460,1140009.5088980994
5470100220,230125.48357492144
5457300478,427231.6674712867
7550800195,589343.5820040631
7787050180,553827.9116650816
6204430250,510299.42714222684
7640400250,475492.30449666147
624110920,808499.2070671404
3629920140,389070.81537369976
7173700518,735862.8355729365
3210200395,223495.5366920951
2473480560,400264.3729645117
2623089141,474479.29796169273
1423800080,211793.97120773327
2076400050,308440.25092920614
3832060120,307429.8660403381
7702600930,425056.8381369974
5101404555,409457.1019639143
3723800415,434156.7017706424
3356403400,210887.69750980285
9214400125,517541.36852681113
1797500530,531805.6422294899
9551201660,1076096.4597709975
3878900815,368965.356272393
1760650280,314106.428617061
5466410030,234543.21971793013
6388930620,579330.1725920511
2331300395,793452.482003541
9412700160,285140.215997848
871001611,685048.2634241564
3142600120,582038.23505253
3995700220,328950.95468067797
2310000280,286611.5254469604
8039900400,428717.79246750224
7504021510,707025.4341342273
1959700445,1532013.6605066706
1556200155,565338.7378135123
3629960590,377732.7759243759
259000240,460126.6493844632
662440020,405503.06062416564
3123049142,548922.5965415741
321100260,733321.6642174323
6840701095,539227.0535594496
3738900165,396619.56514596794
4427100130,369304.7075736978
9238500100,461276.23845868255
6145601810,374640.2869177995
2570300090,408924.92621039087
4017600010,485370.4827181987
1005000220,359481.9174395937
1257202120,529537.226438839
9527000490,511496.3182918493
8691400080,697629.0740263037
1726069084,436726.6723365493
248000240,203142.25732243157
6113400046,359609.8663987447
2130702350,400209.3047361728
920069052,228316.46115388686
6071300160,589106.4117651316
1623049041,141763.8125734543
9268200285,388642.20040832146
1843100520,378586.7682861716
2887700826,644043.4887266228
9122000385,546986.9915387717
9475700220,378466.5634798646
2804600005,792111.5582112285
2896400300,393095.5089057874
5015000180,744940.68554329
3630220180,798615.125514565
8832900780,546693.6390789519
1568100300,457985.1006450339
8718500610,384351.5803363258
4147200140,1184684.6331589792
1973700030,878368.7659975606
8862000075,197695.80562534212
9320990110,288121.8560441337
1151100035,434685.4588751917
2011000010,226598.83835194272
1651500060,974134.6570603327
446000190,812712.4651492883
2344300220,912448.8666610366
523049195,211403.32757561357
9191200015,634101.2300012282
7942601410,712151.1168604518
7137800300,209788.1059973083
7853300280,518862.65121511155
6654700240,324483.88791744324
569000050,578538.4804709964
3584000180,226063.45858241912
2026079055,348446.03503879585
8898700880,277380.61302070995
5075400150,648437.1497280109
8731981360,364197.1862250505
4222500020,223872.74998152794
7996720050,573600.6374809896
4077800094,615936.8995067431
6446200365,579820.0513397387
2824089053,513253.19571430737
1311800220,223445.5504580296
3522049063,607117.6228199197
1721801280,195205.09928978464
6131600240,195045.508813688
7202310040,602445.9328613405
1123059125,543871.6055870468
646910160,218513.83549998273
5630500005,375043.06132392166
3342100785,290326.40217503137
9547205610,625933.8919408544
1773100123,291218.346740421
3353400092,301653.3931293626
217500015,395837.0442274881
3649100031,393650.4473182764
7896300150,294556.0647229391
623049185,255718.2858682871
1773100430,313401.86512164486
1781500220,748514.3491257016
3395380200,230287.09356443724
2424059170,2798688.776719385
4389200765,1826143.669079046
1543000060,492904.9159929031
6154900005,598523.4395126663
2902200240,491723.34440902655
1442880640,514836.65891417925
8562770490,560868.1821687873
2768300655,593760.1449439176
3432501315,321881.2171986975
5035300570,744732.7139361394
3626039028,457435.82414042734
3876540780,240735.75410110733
327000100,1097925.1233575745
7551300065,472138.8028236066
1312920060,244012.44420909666
2215901230,258002.17159335033
6306800010,424165.54344135226
2767700022,496560.3924213849
5589900610,458986.7458025931
4320200020,650343.6650959277
5249804655,613164.9508399172
9238500480,521136.6071689187
3885806565,1260679.6578118443
7905200205,471772.3025348377
5727500102,330216.30147765006
3585220070,402829.07262506743
2078500210,559285.2905522634
1839920050,386913.74239086686
534000080,336371.83328879945
856000255,613064.749567212
4141010110,1450450.5455238654
9558040820,649863.3505445475
7768700315,1232585.9170146578
2796100640,287692.0082928447
1922059010,195663.5153057267
3448000542,269172.3420335224
3883100220,273995.57355614577
7237301210,277525.80752715084
3893100456,933309.6631584081
9578501110,354596.97338682594
6145601995,414658.2090028685
4024100120,325646.391562123
8899000050,338704.97919837036
3396820010,585204.7458345139
6749700117,355011.97163303103
1954400060,504513.65131345566
3303970100,706621.7598891251
2540850070,471918.6255102494
3797000745,502901.9641110301
7883603700,248289.89366854023
3438501452,406136.6070775397
3530210260,699865.0985617625
3598600049,204860.43519323043
731500170,342813.7753709654
7129304375,167779.41908954774
263000006,407785.8883558993
7212660560,316793.3209041575
1112700010,415285.7406113934
3420069060,679778.2342836283
2473000470,448514.523192093
8691390980,715239.3183682916
6184700100,446862.2489135246
4476400275,366870.26470847405
2968801240,269326.8710544443
1529300160,422878.17659842706
7640400070,585643.3884046735
7016100380,431390.5235782478
2172000890,444567.8696821599
4035900015,721552.3038376233
9528104660,1043789.5290246039
507100005,376102.61948279844
2783100160,387558.7869312428
3629921140,868449.5470173148
1099750610,240325.2272472605
1330300451,1175793.7108020484
2757000030,887704.3647338549
2114700190,297719.96655421675
2050000020,1043065.6642590219
3832500790,274668.4342183683
2612000390,316883.63951972226
1483300430,459944.86817121046
8899200720,286940.3535458813
9183700470,284034.74049578427
3530490031,214805.03900898804
7857001225,346186.3391609573
7920100083,395072.94622208335
2254501620,449324.2169719382
3303000130,437566.57868502836
3876200070,417717.3263721752
369000365,376834.9099948274
3052700385,696586.8729606986
7856550240,852625.355727091
7300410110,370907.7806305123
7201800300,434121.9094151814
1695900060,439463.6761637259
9429500146,970650.3748769823
3629910240,669290.4026723262
8805400090,229111.53085201004
1022069050,241933.1137495195
1138010530,370678.8649393486
7877400266,169028.50720440948
7974200452,1006410.6382211182
2126049265,475909.7191490305
9547204350,638830.4230974191
5560000680,184622.20911826918
3793500550,311677.5625673652
4217401195,1024177.0100339031
1826049408,369080.06596582517
3905100210,480487.4523278437
7695370160,499546.9476524891
3210400060,224583.00358840614
6146600170,160107.24773108473
2767601750,453501.408128739
1773100926,355169.5849329458
5700002125,559226.6054876164
1951100100,185680.46545327082
1402200340,340651.0009993832
8044200200,361358.20527578733
66000070,317930.7392756143
5083100065,201486.22271989888
4027701284,402894.87081475754
5693501100,585299.0589251472
3600072,511233.84532630414
8078550250,308992.78445185244
1922059046,274852.3690950563
2902200016,651781.8798148211
9183700845,163847.89908193
3333001997,321144.8152180989
1432400525,232761.58827828823
2824059128,467172.2942184936
6453550090,874128.6933847833
6202600070,1268322.7135633253
7524100280,228172.53068083138
3524039224,956441.5198321636
5739601300,550889.063352309
2473000410,405127.7259757953
421059018,283606.4384032874
4232901120,675193.235285444
5559600140,238589.21483240003
3797310150,277914.19921343756
7986400265,799173.3884036023
3025300095,2641477.095372849
7524950830,562719.9693531791
9407100730,265812.7850366867
3812400854,398937.91700349195
6002400030,336496.7668958689
2212200090,234640.1297439266
7202330610,520640.19302247855
7300400170,321500.1982651693
8965000110,454145.55007736565
3996900125,317463.8611943933
2221000100,288546.0913958101
1524079088,331894.5077106396
1133000036,374054.3634197444
1868901190,717896.8271050997
4037200530,483350.8452987706
2095500120,334412.569170655
1995200338,793909.5981369319
8820902350,792859.7906790711
7459810210,381213.4204422875
9536600010,586180.8519643587
8085400586,1716316.1631431438
7518503065,387739.47047663457
8682320350,637059.4228955909
3179100790,753981.9769673996
9828702666,508166.30020130926
6713700250,526851.3602223748
2141330700,628962.5367618825
7519001990,404410.08257257263
3223069019,306810.4759614401
7994700030,405383.82893457153
2592300450,301591.58381047245
2792000010,428797.37226947735
173000025,396635.9224635712
7203150330,632555.7673003437
3305100210,866133.1633419514
2581300055,940328.6296429406
6613000750,1497486.484530173
7015200685,643709.8173069105
1323089184,483826.11802553595
3793500510,400675.0112555127
2225079030,261716.5565427598
3578400710,399110.2346127259
8100000090,252735.37937695347
2095500040,312976.3483756467
8682281710,702865.9297018463
6163901380,288200.1285572671
6918720080,624520.0705837378
6914700130,497501.63077296584
1205000215,527915.1377482237
3800008,285628.7714480131
6150200180,289059.50422455627
1223089066,908325.6826351526
7768800290,764219.4590244802
9285800330,864780.4381186805
1974300020,554491.7147649484
7628700050,788331.7045983998
9376301800,619643.0963169193
8651430220,185513.2670235211
629810350,835534.6196451003
5016002180,839080.7738502802
9558010230,350158.08508045203
8732000390,221605.90063349958
7899800586,352096.268243508
5249802460,443296.0199888477
1446300020,536857.942784523
7785380150,456246.3595648194
1245500950,729389.1420750578
3362400640,602161.7873822189
7578200310,654387.3254668815
4137020910,282916.196369971
11520640,782106.5206664843
7972601995,253794.82793372578
8122100160,391294.53798854485
9456200450,299468.5599565219
1328320760,337853.6160845199
4025300285,322487.7101338472
2721600125,1025708.5639855369
1123049027,202380.20401419452
3542300060,222150.78355599832
291310340,515203.0679991257
8651720420,447915.344348096
3298200790,383044.39819928125
4037200585,448363.36533014954
1329000090,1449915.893434313
9279700013,1130174.185673828
4151800265,531789.2139669424
7760400210,242186.2230231038
5029450110,209890.27049999777
9492500160,799359.8143103329
3578400270,428567.39125958795
7606200090,289562.6447629173
3682000050,335821.47946147725
1250200415,355153.2931195227
629811600,695106.7155591777
1839500115,317581.93018198624
1176001293,1496035.321099512
3013300409,411744.2183664099
7853280370,729791.252826657
3275780030,629984.1461005429
3336001946,251509.1811650365
5456000110,762778.7291099118
2473250400,288498.5512625974
5393601635,514119.5141615752
8820902905,371627.6454519094
1245001659,783519.1098979025
1523069215,450605.96973530465
930000234,472037.7815638198
4083301645,768257.002950608
4055700778,664892.9097720961
2781230080,449707.7557487817
3629910210,671304.6977079744
7856700060,602931.5004217662
7589700055,469342.3506021591
3888100043,361626.41017325636
6381501636,365503.9918803908
3303951150,388184.2243826191
8638500170,352132.6964358754
5635100050,382156.62382441835
8820901792,889678.6137598534
5456000025,1273378.5931704652
985001275,169730.3611768175
9560500105,700243.2099985807
1421069117,237603.55033253043
4154300296,342864.564912285
795000620,151204.42057905154
9828702335,482381.5645068891
1250202145,1011619.2635254653
1163400070,261184.129016429
5652600065,585983.6708540288
1042700050,783048.4413000488
8899210320,361463.60695433686
1651800030,1749183.9935622883
2919201365,747083.5040281707
4365200895,336870.2238522338
6841700100,807490.9623799487
7376300060,439289.2009007207
7852090180,543127.7573781096
9222400565,524221.91149479605
9542400075,786375.9952771119
7338000150,182079.51408645467
4322500110,584589.0368590809
7694200070,400574.17709098797
9321010130,252430.58518366728
3204300455,1325526.626123794
6706000040,308080.7367182075
1565930130,454960.94807679096
3279000420,228613.33675819144
194000575,530160.2572627186
2115510160,243043.90045121615
7522500005,574277.1453758944
3787000140,474537.8217456007
7852110690,628992.5127066107
5469700260,376458.6667520124
8691410730,691791.4417773442
114100763,296800.7746764209
1257202430,944571.2911596278
7000100635,475216.60162254155
1900000195,225337.04244840884
251500330,1798476.4304895103
7701960210,817111.7856671198
4037000065,444413.71795840823
522059299,251935.84312044276
6072300800,641665.3531666674
6821102358,570321.0742533641
5029450200,210000.30246165182
8860310240,562898.4615836091
826000295,385046.6268087792
9417400110,416599.898101881
3959400345,677781.6167166743
8899000430,320530.5485805362
7527200030,687920.8296411382
8562720410,1279722.5152265427
1432400335,207215.56415217463
6699940320,374609.5554721503
2525059172,711778.7652985463
7548301044,376921.71895280725
2141300420,804279.1719105561
5100401414,407539.77894006524
7346600092,246732.80224179817
6852700478,505721.4765813866
87000213,267849.6271522928
5416500260,309660.35830977146
322059097,265467.91553534806
7229900005,335885.3984696245
7116000350,149625.8219757796
3739500096,361765.0428731118
6744700900,732053.3462696229
1959700550,958396.0436223275
5589300435,357472.3059567789
1775920350,353532.83678352693
3750607974,277246.20316736464
5318100935,865022.674618694
1442700430,524505.5771320505
9346700030,755834.1091387398
1841500050,350612.8444962987
7278100665,351521.32993219607
8635750980,626763.813879313
6909700340,603903.5067002339
7011201475,784832.0680573045
9348500220,556526.339042245
3876313170,418689.34597211983
2195700050,911113.4644313962
3760100200,473258.64913298184
3396800120,509907.0777210493
3750603685,250469.86017838222
9828702310,558265.797502706
8656300380,359965.25086673064
1438000170,532289.6135256231
2423069164,486239.5074276211
2112700845,287637.72877920006
7635801370,512027.48481269804
8572900135,432928.9904522932
7504010590,760540.1597299146
6821100125,440447.6689946969
4310702775,286360.98172776564
2591010180,433789.6335951554
9828700235,610254.0927997119
9376301180,508947.29666923295
1646502355,1057212.5738336996
1498301672,460847.5261233154
7715600070,370579.8282611766
7283900045,467764.17783535697
522069119,504368.91922874836
5200100125,604312.0318564738
826069184,486650.69007766276
3271300155,767642.8048294398
4444800045,628170.0744548652
8682291050,732225.9316059777
2770605420,514492.2206400557
1556200205,528105.5667353908
269000970,1370745.5312313573
9264900880,266444.9078440155
2323059074,223317.6716383682
1224059053,1220570.7427052306
3755500065,465583.3720973879
2571900430,364083.00135959766
3705000070,295442.09283812315
824069173,639957.843748728
1735800050,152699.278251321
3025059089,919802.8986396636
6132600655,793671.5694850277
1068000255,1575118.9879094847
3052700921,692948.4683960181
3024089057,339232.47577999264
7390400026,288386.92674911406
1787600224,423407.05752689496
2923049372,314013.7549675664
7015201015,1013532.0865875302
7701990040,881762.2766194334
1925059194,1273504.0874604634
301401370,325967.87767514115
1931300955,411249.82660515356
2395710070,363040.2178205734
2591820070,395374.24536088604
7883604065,240412.07899322791
808300200,486816.402975415
1421069159,493890.4920869522
8562780540,324561.5896211292
2787720300,370281.3018089252
2349300069,304735.00642621645
739000035,172797.89238636158
2397101460,633179.1624211888
7625702437,392181.9643300506
5101406441,460920.3174866146
3323500010,1176761.7040941126
225039082,739312.1623453965
8078100260,347772.9847847682
4139480200,1386241.9820565851
7436300160,505217.89597011276
822039004,680771.5823918139
8651442910,240825.68063687277
1370803510,734821.7895668704
3342100569,689487.9250680808
1310430400,523467.0421566841
104540820,239629.27592076446
4305500030,579285.0794931033
993000090,735326.4799769156
8044050040,442124.0275957811
5707500050,714854.1038261998
6306800080,346660.84332080523
9206700190,774911.0161191166
8732040090,300227.77394406404
3037200045,434379.51919464784
438000025,674490.2764760455
239000115,301311.84271041414
8929000230,491028.4250262437
7135520610,1140232.334252757
5561300340,514655.9135439313
9530100085,731029.9374662443
6613000140,1384070.0499643777
8835210130,337722.82357755443
3782400190,352105.5677313721
379000051,275733.1684374862
3869900150,333357.37066023174
4322200050,465999.79966356757
8961980290,718829.0321232381
2558670110,448089.4730947951
1124000010,424933.23695783276
3869900138,464926.03536591056
7853300720,487277.99212837376
251300110,315808.903389161
3904100041,255612.19982600355
7701990300,841085.4365002769
8682231190,550771.2448462113
7888200240,216216.88230230735
2025700730,297491.6845496828
3066410800,719186.6908645605
7576200040,710936.4860371767
2526069095,1072123.8814945123
2781270530,192973.585063829
3763300005,453423.8119389526
1523049083,200514.23230919655
923049468,204252.36673185497
3303700221,637466.6060521624
1502400140,228927.8560435271
2880100160,1013330.4505779501
4083304535,839711.8171023921
8820902549,564760.6587193395
4139400060,850782.1678062277
1222069094,349467.73341621016
9367200205,677201.3795142925
2734100736,301122.07777638757
3856904580,760453.4229069969
3812400789,357141.35623840836
3303980090,1013765.7320987718
1314300018,298599.07215455984
9522400350,544901.61399709
7524350080,335134.06446353614
9406520260,328759.9470285643
3278602040,375903.3916542314
7696620100,217512.95796981658
3751600635,227043.13963882456
6365900065,410155.1284451346
8732800100,271300.2494585275
3876540410,244507.20777449888
7349660050,249210.94347320453
1036700220,682855.1290874976
5417600200,312683.7064865435
8732020310,276627.48273447057
6844703240,941467.0652180387
923059206,335985.2844876885
4038700220,558704.1181879026
2597520900,728983.428170484
7203230040,940311.3706621395
8820903560,298676.21462559624
424069112,769261.7895660779
6056100102,519683.6453108382
1823069155,464008.2126098371
9412400220,3204101.931706345
6851700381,1041097.3752542778
13001215,259743.50703247977
3630180340,800384.8520913861
6746701090,524492.0503117245
3832050760,286263.0429909244
369000690,484656.6420789645
6071900130,566288.2882097333
7266200085,627801.1386352689
1473120390,448261.16056978045
9523100458,576129.6341194261
4345000510,256341.92958764802
6600220090,464350.828571301
8079040320,401363.8305217273
1357900060,459744.2196678603
3996900295,320802.06151050254
1442700250,541105.7753322795
5021900175,579585.681730528
4365700130,333763.1900416418
3876100320,536879.7364293095
2124069103,448652.0108288855
6700400140,257926.82020177593
7852090810,523372.0423436844
1454600038,958423.6318504941
4137000250,300374.4945752967
9826700726,534229.5326061016
6716700325,488571.4920554537
8562750300,596811.4336281932
9315600050,1729471.7308875301
2790410250,674760.9277287207
7732410130,709507.0719776686
1387301730,356246.10303234163
1568100220,317441.37549788115
3975400085,920094.6000537651
339600110,463041.25736050116
7888400500,229689.9765274942
1842390130,682428.7160624298
7595700025,361363.27576730604
2158900140,810870.1980186938
6151800070,360709.4501620178
9294300515,804315.8536817825
1250202660,793788.4549526398
9106000005,972573.2443073107
5035300085,668712.0912646063
8898700440,276707.44006731885
723049197,200223.811844047
2019200220,214027.11225679857
2926049408,684458.5466713206
4233600190,903307.3739609249
9268851860,445349.4792744777
5458800620,673512.3088269084
424069096,492281.1178604353
8150100265,246776.32118040806
2742100085,391946.7649023443
8045600130,394622.1326127607
8039900086,319806.4359844383
4131500190,324867.88117346657
1370802650,718711.2995071472
821049149,254726.58945744042
5104520460,367246.9259595451
5466750140,248336.27884284395
1703900155,334301.253757261
8658303065,319861.79874944576
3298720030,395606.64908048237
1839900080,324593.53373816225
1561600025,749436.6173311099
6064800410,321455.06953184155
621069102,226764.5275144507
7853360620,409481.8464586072
9385200045,639607.43115877
7214770020,645886.2882857455
5412300100,230652.0314736463
2025701360,269036.1009225746
7334602070,294603.33826324716
8029200190,209909.26387984998
2622049052,592486.523134369
3126049261,348062.7011378888
4443800705,470858.67403109156
2473420100,316530.0517508292
7922710520,565202.2993822728
3336001911,270240.0478480164
3797000300,443287.2872007453
5406500480,641854.9064909688
6706600090,440227.6441130162
1518000230,344950.7586832835
1250202990,806660.787550899
6441800060,834502.050439948
2141500070,450086.83685932634
9407101900,279322.6554592223
5451300117,1960911.1781490992
326069132,478610.09949835966
7153400100,254071.32632032013
3083000910,430577.6199600862
3021059304,299471.0145798264
2597530650,776766.9607552642
3972900215,320312.5089119115
2473420070,301330.3237052521
6115400008,523081.0282803968
8682220230,804723.6862906127
642150080,529555.7857596527
3775300030,344075.1473476086
5418200340,651341.2702730945
2424059119,1031425.6900344081
7899800476,244145.57200042394
8598200070,256899.21312931657
2421059125,497537.7912878801
9528102771,577584.7249938563
7522500020,589241.7733865618
7202340720,595889.6697354142
3286800260,575047.4018133959
1121059105,465325.8041857039
7504030220,691554.1749959122
4045100190,1641814.7180792314
9406530090,372354.4255918785
7138000260,268164.0105435016
2600010390,687714.5139770373
2917200365,435633.6056949806
2191600780,192062.63772061068
7784000180,479727.4854611578
6149700194,328826.4271077538
8082400136,748971.940652391
7202340930,640585.2686621548
1972200556,579432.2858273608
2767604170,560035.7385152655
3271301175,558078.7835009015
3223059303,545624.9134115757
7598100735,1061418.7327255402
3348401490,320438.4249148823
1545803390,279319.7184900324
2296700050,478121.44482810906
3626500045,694611.9612891347
1596600060,243799.63909642436
3616600250,1493832.3330961177
8078560140,284201.7810937123
1796360350,227844.4872461329
2770601763,536767.1146314411
3223069118,685751.9222136064
2473372040,386907.16263397556
3575302759,411999.5994034504
5706200170,500912.8864772165
1774000030,452067.7387964218
2224700136,338561.54790261283
1250200418,371773.05075928895
5416500840,380207.0844557404
7335400345,135386.7473936832
3776300010,923293.6923197452
8857320130,538941.2633012384
424069206,797807.3341680143
3592500985,1003331.5407024693
9828701295,377259.6314131905
2621750340,294485.0482509984
7334401000,261591.08010754944
3286800110,598127.242012466
1722069097,475850.14032439195
3574770030,496968.7575951075
1336300610,1059344.6228377009
7230900100,344221.2833659271
6141100320,371313.1538176797
2767602356,752813.5026521318
476000017,488531.6263718553
2558600100,447177.51204756356
3500100015,257786.1111651349
4074300150,413467.6572794758
8907500070,4554637.94655848
4388000260,192621.60539417167
2475900850,245266.20753408322
7852010900,538567.6819116274
318500300,703371.2828517094
9200000050,179002.29442220053
1026069106,474358.04560653644
205000120,635702.66429952
2616800600,888059.0421514079
921049141,600713.2320959009
2023069059,734023.7345898591
7229900145,422951.26873288077
4376800010,554340.5054407102
4389201095,2537736.2052015224
826069127,480913.2812817106
2310000250,274766.74271813186
4058801225,329562.1456402197
6600220550,468314.44709959626
3585300194,1385098.8426677384
2594200375,394259.3308361046
1102000514,882934.1307694078
1862400471,439311.1957962698
6928000440,296354.4885840519
9578060470,493284.26252956653
8732020670,257180.17710367526
1823069088,304211.76686763775
8712100350,1155484.5891773442
3420069055,360804.6633780528
4229900140,362268.13366524037
8682280490,428139.2348417591
3830630310,253736.08462007146
5100400251,360606.18591315165
1737100830,638761.9482864973
1630700276,460723.18759804073
6326000205,435041.36592280265
3426049284,3094875.332633762
3814900260,382347.83183739946
7403200050,1771445.4809955736
1725059252,830965.7494254949
8899200570,308805.435852961
4137000700,271580.2686116694
1115300270,730451.7488610807
3904920380,583145.9911446174
2695600195,348181.5111694723
9542100135,857216.3549443854
1552510160,410723.2803129405
1823059241,669147.101523736
2193320450,583750.7202711846
1122069006,556753.9507395843
7853340330,395809.3042046907
1954420380,490751.18188105815
7299600530,268492.33083703945
1760650670,264900.8488173114
6819100080,594127.9776879734
2767704649,492398.52107374166
2424059035,920807.2649034923
1566100400,386853.5296100273
5255690060,489020.3325128955
8860500130,415908.1405107517
7349650120,303162.9936279726
3291800670,429418.8519977086
3764650010,510060.1414110208
5416500950,431746.2183061804
7973202712,197247.5627460712
3291800120,232596.4078045475
9211500620,223076.00387496199
8643200020,378618.7729850616
9197100101,173117.69386600613
3531900060,344280.5382254923
8842400071,440053.82298214355
6844701680,481691.0215577725
6413600285,413154.9784416059
5196410260,966598.4885136632
824069121,769585.8766817335
3876313120,412917.7122621623
269000030,1082849.0217610367
1560930070,736469.3325410396
4435000705,208391.80822308196
9542400025,757503.9008611394
2470200020,1779559.0056266682
7519000580,522481.46741973195
1226059101,505484.88306113903
4449800063,391221.22109492955
2815600305,678465.7855876129
3821200050,283240.5175116307
2644900110,355711.6873055546
8058500005,384506.36649242043
1099760230,230955.1585105969
1954430180,508198.8447879349
7853360480,500528.71574385936
7229100040,319360.4138495949
1432400120,197107.28464034703
1898200080,335223.04360923806
4054520100,864964.6554082667
2568200140,772128.3889977426
587550010,615362.2294423165
4154303215,903766.5880141717
6358900070,959130.0079034099
3277801640,413347.7972272907
6209000165,339665.34159454115
6143000020,281872.3319912699
2591780180,429555.7560651786
5412400170,236360.85742969066
5466350120,245119.707844658
2877104196,638504.9316670931
3222059007,356405.0277175148
7957600025,250515.47329449383
2698200210,259986.12950297332
3764500230,558716.6159428582
414100630,333155.8417611765
8029740060,330578.72276891797
1426049054,381808.51279290294
546001060,624269.8603361805
3277801417,428832.29090022127
3630120970,777597.3258926572
2326059080,1000006.4077725245
3278612370,362476.6257908217
4024700100,317284.9374637554
7697870860,234098.8128022657
8562900240,653126.1272761932
4059400585,206029.768018692
5703000050,461115.5120896116
7701990560,813982.7334228156
1760650610,313729.8921109979
5408100035,429436.2350709254
1370800560,1197663.0065720445
2880100240,499356.8119660107
3630060150,541309.3607352278
6071700020,509498.6658105058
2473002500,394466.38843092707
2768300650,511627.8118670406
3523089019,778181.6528426927
2787250190,522216.7270998048
9477940440,418075.5411929301
8732030440,293942.15213428356
236500050,300433.2859054972
993000100,792902.8697727656
5466700360,252972.9765788049
7203220300,846321.078794974
8682292180,418016.56436073146
5209200010,505558.6722859622
7853360990,409667.94193974073
8663310010,445236.816903606
2313900165,514729.9553312587
6114600030,608473.1316450045
3303990030,795669.3913950993
6679000960,360646.45829083584
8161000230,487732.4758531057
9510860060,687802.2646398415
1223089083,757435.6907580452
2721049059,288159.51522332884
2523039278,300430.981795816
9826700707,493515.6602315656
2159900120,475096.98460594396
2767600635,656171.1713572164
3812400455,359271.7477500392
7852030960,432328.6249132021
319500080,701513.2418066178
1061500360,301686.1055867302
1787600209,410019.2815778378
7888700030,544002.5875693393
3623500260,1138221.572020576
4219400520,1348182.2260550463
518500460,2180303.005668463
2500600297,273788.8881161848
7283900010,299100.16388145386
9225900055,309291.8159307181
4036800925,453986.9033292654
7967900150,376810.07153375505
1782000130,417189.40829489514
3163600015,136031.36774236697
254000075,363746.50282403687
1424059022,1077127.2508671798
2768200090,774755.6786752673
4319200505,493569.8634664743
1592000780,677396.9862544232
1687910100,590159.6503579002
5200100115,573656.0835540436
3751600176,201046.185182377
5608010650,948414.9976172857
2051200506,243011.37299745734
2781280310,286149.51713077776
1023059190,278541.7093443963
2787310130,266511.4776707659
4358700100,441883.58976198616
3121069036,508169.6557829859
1959700225,648356.6939472178
3205500230,389248.52632975177
7974200937,541730.3622367504
6819100111,873566.8647260038
6146600175,172505.38149893284
1525069095,818138.4003488764
1231000510,447450.6608667937
4122700040,1031426.8226724234
2426039314,296362.0537619828
2013200390,264847.0225401447
1854900330,703332.2534804496
1923300135,568140.1836035335
582000135,565200.9109593971
587800130,273089.9259514216
7840800135,205859.999331578
6116500366,351552.0621828199
6392002635,616849.8234539755
5361700020,350043.0613350345
106000395,417507.40235029877
7199330390,390593.00490725774
2484700155,610546.6580176513
4038300070,467555.4793321658
9407101850,317156.4527571362
293610040,623533.4714030235
7202360760,826986.863160918
5608010750,1181565.8484156711
7236500025,321350.4321491964
9144300120,315225.56176542153
1454100267,406848.8133432522
1377800135,621292.0271767535
7967700570,230965.65793694858
1562100220,591862.2780491299
2923039243,466313.6183931776
868002080,825896.5378850966
7137960460,276471.41795539955
1023089096,313611.10223576
3262300818,1846275.0584015567
8563050110,564239.8193131416
7137300245,405022.0490831663
4365200630,415788.65185957315
4100500070,1751868.2669368011
3821400200,254310.01892883133
5379803386,258916.6790817533
4237901075,646132.8463336575
8118600155,387304.3203861126
8946780080,817605.3518359652
1428000970,414212.0933659244
7011201004,705432.3344238676
2799800180,361542.18187886226
522059130,222122.08569416558
4315701163,644627.1327653814
3649100387,420994.3406335595
2125410210,450448.69233548775
3224900130,226810.80726422745
6798100661,304965.3668361873
3626039325,841298.1174060886
8730000270,349158.0693100645
6065301040,791547.2203607855
1665400165,238233.25467357866
2203500140,411735.59854308754
4058800875,332530.8066854123
5076700025,482324.42026477784
7853420110,596519.2784481482
7818700480,287125.9474038091
8658303080,295926.90208621754
3187600100,570491.8065066542
4077800518,370512.9622887456
2470100110,4759158.663986411
3451000206,339219.81551564165
1843200350,176280.47346858872
7904700126,406024.0585007233
9430000070,274235.49307987094
6003500749,659004.0805639881
7701990700,816610.2547993221
1310820150,339985.4890602008
3975400190,590579.1393812319
4100000050,659233.390834875
7202270700,574302.4572753819
7370600020,608488.3954869846
126059225,484564.5270787121
106000015,429797.28544202377
4458800060,843821.6888108875
8944290090,250216.9337513749
8682250330,631684.876020188
9834200390,425173.04219410376
3275880100,716468.3877640556
7227501190,234264.81414936788
1796100010,648107.9457706979
3831200210,295885.0946371494
2521039066,269617.7839656114
7701800050,405253.0112467346
3904960910,672966.3960899671
5647900670,260937.3696765744
7234600796,478063.935465907
3021059244,223024.14186051063
7787400030,1791776.1995803788
2051200436,552746.0975419118
8820901415,376049.3914088908
3523069047,833363.7074048239
9194101388,465308.54225153517
7277100610,360985.57696083863
9471200370,1708781.323457266
2767800140,714893.5585587596
3629870110,537661.9491048171
9136102057,639885.083074208
8648900060,520376.19764269574
3678900110,355939.00407206325
2767600150,515181.1753155554
1972201511,626933.1325352162
6055000430,508748.46577899414
6624030050,369794.5123724551
2215450150,333556.20162361726
2767603824,456391.08839749434
3585900460,817679.9301553811
2922069134,439924.3862736825
9267200062,365047.9451702679
7228500425,507862.2189333632
1089000190,811851.8895475947
3359500960,527135.9174919078
5152100160,429031.7077934882
7230300060,358959.82175390207
2423059067,469311.23353712365
8016250060,254775.5499104256
2524059267,1054080.2273306155
1438000440,488306.195046205
3326069026,625772.8636778351
9353300600,296106.3908354555
8691410060,691273.2374283813
6332940070,518494.6192154185
1310980110,291341.38557054923
7428000120,244360.54647600054
3626079040,647034.0296035751
2722049077,298767.0813978818
984220290,290520.4096914766
5347200160,217137.46394825724
4154303655,483449.2386886173
2953000250,261940.8891986255
9523102447,693051.8745462107
5104511840,418747.3969414538
3448740250,427606.3598858688
4219400290,1116855.0845331748
5152100060,467089.71853495063
3279000460,220932.41991933424
1102001274,1097744.410835915
1251200155,1181631.2014612488
2025700740,270437.96573102276
3820350050,355825.502898055
1245000438,782031.8947812036
7853230200,465050.4359702138
3832200070,236076.81188860224
2926049400,466948.17465477175
1246700251,890639.8770824084
6372000155,555697.9249847076
7950300670,364105.6064195435
7518504130,538249.6513230292
9286100200,435540.66094996256
3992700585,452911.3646333732
7234600786,773501.3142062644
5476800069,358664.35795661947
1126059201,1281973.0900777148
9527000090,514042.2837128943
402000115,287608.0554450218
8818400450,1052357.0943424818
2475900840,240099.43962916767
1437500015,175622.11121065388
2848700095,429197.6621960005
1529300135,335113.18927404983
2597520090,781112.6569780522
7812801125,205076.09459210126
3343903647,400472.732412406
1951600250,152651.96096697953
9542840590,261335.08020283343
8081010040,1217339.9000740862
3262301355,1292401.846962594
1861400068,461532.5771547924
3295900490,440289.66508767236
4345000440,229764.08734667825
4219400465,1106971.4207724414
3797700030,264513.2617507708
3204300860,751394.3670949681
1930301555,510216.89900309924
8807300130,309123.4468838062
4391600035,286502.2060971674
5021900140,1545452.798379541
2946000590,264711.3756208466
686400210,561738.8905797224
3365900462,260866.69826945706
8682262170,410858.4518236656
7312400325,334014.8984534991
3760100100,436694.0839609318
3579000410,464730.584099095
1773100755,478724.275946982
7129300175,329445.4591289472
6303400965,241509.2466146308
1328320440,353931.9516577033
3686900025,227180.71306416576
1221039066,362776.96937961614
7950304095,328967.6209268642
3585900785,946455.5416008903
9455200329,572242.6571406985
629410130,763508.0418967349
1994200375,575374.9602131068
6669200370,899068.0144103793
7262200150,250942.94617299645
7504010750,613412.3000367172
5253300173,316822.0188860222
3395040200,299242.8338154534
322069109,397392.1163954476
4054510270,1052215.782794152
1710400005,593581.2258764781
8644300170,687617.5513928172
2450000290,1113262.428479286
6102400166,777449.8440604985
1934800087,425796.96356340015
3333000775,307685.4742941312
5393600509,307557.8369147341
621069039,360779.24228405167
3343903611,601917.1543783008
2954400020,1192545.8828499247
7972000010,181864.83960483197
7214810510,466824.61863237637
5561300540,465865.99170290795
2634500070,384572.214348248
6822100310,689663.1692371471
9201000100,747393.6032590283
1072100085,346679.390093825
6190701146,385624.67164158623
3277800845,284579.607598587
112900020,347308.65787346766
1324059048,696138.7474231942
7979900126,392024.8942502262
7199330370,412326.83736434544
6381500720,439415.2398975691
8078550190,285087.532461998
7853440140,768812.6271133901
6300000396,390168.13262341236
3374500250,368543.410926772
3343901188,271389.69091482926
6979900010,786654.7210938602
7199340320,569401.2649519491
1112000125,316462.8823297021
9269200150,360489.8576838316
5104510210,299785.7582029106
925059219,579436.1532434023
100600320,202920.05903544504
1789900080,256993.22590147317
2123049142,304130.2749776863
2459900040,548034.6656302667
3902300450,581305.038479359
7250000065,341911.97565781797
7823700005,312357.5843678392
3750605247,218024.76291912177
2771601730,467611.70944955014
3298600440,394643.6519843333
9141100005,568180.3097036245
8682262190,414981.14415782725
9407111250,255230.55039121024
1336800010,1630550.0045436274
2255500060,592657.6895860241
7950302345,324709.3413294433
8658303585,229747.7296508687
9184700600,1054334.2300250344
8068000440,273367.1645534529
1310000130,287378.9979418621
7853221330,689138.2950459397
1222029077,239657.52418955127
8562891100,349574.56170557044
2517000260,378584.7178321782
2225300149,353580.2430426251
8651410330,181154.6422112679
2413910050,560658.5889820979
9407100720,293835.51382775797
2112700920,366668.8683351783
3761700251,737485.8413424087
1036400100,657777.4985819949
3585300365,707964.9163514518
8562750060,862212.3173985641
2719100042,525343.2595107218
952007055,424618.4811909917
925049318,575713.7992244097
7203220260,942901.016221411
9320990140,294671.03252793313
8567450140,518962.18914150505
5379800810,174040.72310129055
7784000100,537796.205242408
3992700475,412028.01078753086
7905380280,430604.72843387193
943100683,368406.2012531203
8029770470,556899.5531293219
2818600060,1027138.7520662724
1226039124,421005.5775344265
726049184,281134.0754954882
795001930,229568.5948914086
339350150,736419.1730038112
1332700270,305633.15281313047
7548300170,579707.9221404819
6141100330,410393.717612896
647100096,861604.9648098426
6744700423,441172.0251009283
2895800750,268320.3014834524
4046600220,343432.5464826632
8809200070,371553.00951949187
293700110,822315.5647776065
4178500440,249450.98558098028
4358700164,262050.7233054145
9197100263,250977.0908487486
2426039313,296479.8567198801
9468200163,598594.1400945438
475000190,510437.21749313665
7504180170,457420.74979430763
4036800170,492550.7512172301
2561330040,481137.0468883487
4123400340,533228.4899819795
524069115,878186.5511414923
4047200850,307021.55448828224
8651440230,243024.3512965871
3905030140,560451.3504485203
510000641,698317.8057103741
8663370020,434722.539434203
2883200760,740864.120795296
1980200384,761150.9557644037
9468200140,479376.5087623415
1796370150,257743.30902469277
9238900085,588478.4984490226
9191201325,579261.4060063964
2538400060,972959.7793029537
3758900037,950996.0512688652
2472920800,406226.30108465854
321030150,320318.4797845521
2571910100,297007.1606444978
1423910670,269098.6168074126
1118500030,819763.5756314879
1939000010,666894.2177398897
1776460190,464139.6722392383
7504400290,667996.4090714554
3448700070,416916.8892851469
7518501025,608642.9050467525
923059252,481491.98405912204
1431700210,259485.10683177563
8635760480,551455.7364889422
9175600025,1373444.6251602566
7922720250,539496.96565433
8944360390,489440.37584587233
8948500065,232887.45619945254
8669160310,267799.5098343333
6117502745,524541.4912844289
1789800020,331539.6661380098
226039186,320815.65591458423
6457000080,254544.10639013932
9557300080,532994.0263729461
8562790480,641651.0221760012
6430500008,478091.6295228655
1604590230,759883.2372363628
9542850290,751218.1457171753
7831800395,255798.31401871162
3317500030,1158281.5698467265
624101110,767468.1500356599
3654200039,371118.83397239936
7856000150,745701.9144653886
4338800685,247800.06080353085
3211230300,424879.6750958034
3904910650,570346.041298396
3598600088,284513.0735215266
3796000400,369521.8005917807
7972601280,450884.91683927574
1450300050,270658.37464186415
7504050090,762303.7829250189
9202650130,569796.5564771871
2419600075,389718.0921165906
1224049005,1068748.6042311836
7129303240,345114.6678428523
1922059135,201026.34244631926
7852020250,655822.8277979449
4139910180,1662156.6025934883
4222300040,264427.6474385541
1024069027,895174.40236863
8944600620,512498.3733108873
5040800060,747410.1155087497
1036400200,557762.2729341732
7899800915,226840.2267866811
3325069025,520347.2740422382
9408300310,634373.6201439446
1773100604,347853.2402553118
5451100490,984176.965486211
9536602080,195830.9589769655
9828702055,430392.87670645653
3362401758,501237.1348291005
476000333,444813.5450252879
4364700730,354217.94500242616
5559200020,267715.29197270825
7522600110,251697.79836778896
104510440,237709.18076933303
8820901275,510758.0234220595
3298700125,233065.75906411876
323089172,439077.09751394583
5364200477,556097.7674950509
2222900082,380488.4251909452
6641800020,592696.1856402037
9358001422,299317.9207575495
3438501150,288909.26912852534
2206500430,502310.2392127111
9272201318,543141.8829773972
585000095,654308.7554552422
7708210050,528019.824332283
9407000840,285516.8984288818
4027701265,492220.5435675182
8644210050,779148.2943048135
8656800020,362010.6487511852
3329520170,208369.6791984058
5104520720,318062.4278787029
3806000005,160196.21498881624
2330000015,719563.5312521321
1447600410,271187.83052590786
8641500252,388962.70935519977
6084600420,273751.65509311453
441000115,452272.72725221654
2597490030,687552.6437860779
650000030,681109.4935346288
3585210200,409113.02325823024
5416501030,428012.2522276595
5406500170,658670.7087245896
2916200065,436931.63751622837
3330501975,444369.14183774346
1774220070,587239.0701417921
8731730710,207182.62985492058
7861500150,384957.763376411
1402630190,385919.559248841
9117000230,296988.1165191813
7133300380,675943.3741385756
4232400470,722473.3587645927
1773100972,315163.83805102063
9413400165,257287.05822223195
7658600025,413691.52274001006
6909700040,944217.9878080311
1402900380,288579.42256289156
6625910100,442605.1053146182
3204900010,592096.439487718
5162100820,315248.51469393785
5560000480,147873.97897563563
1704900303,535769.0153371177
8084900170,1768971.4518454662
2887700091,671908.4494329856
4331400190,278269.250022084
3762900130,376257.4402149594
52000067,562257.7633444438
5430300120,913250.9154811625
8956000460,611272.3070494451
8856950310,260656.1962622824
3364900156,320733.9316839435
9310300211,300243.8112469228
6448000020,1352049.84325984
123039570,417725.21249269997
7600065,518164.48830530874
3123039171,460775.5812686866
8964800445,1679529.2657854462
7857000732,385429.0847298983
7525410090,601485.3224804144
9541600350,702067.9295118917
3186600515,731414.5536350012
4123820450,332190.9774042443
2505500030,1149179.2703133207
1541700240,326596.3941367369
6629300120,336078.732481017
7399800150,485882.5203961049
9517200180,337667.7944607277
1313300340,489687.9220248373
7967650010,381600.66894568445
8807810090,370962.70866249286
8815400670,760449.4199745188
2310030500,282844.28838572523
2241700075,319818.4193645204
2287400030,302528.5831174171
2827100075,270637.6841568339
1310700390,327896.8447585408
5498100010,412777.0103933698
723000114,1483521.8057828236
6431000987,473418.23049370944
3356407665,225992.27961719094
7852110050,532085.3643118466
8677900123,453167.31642313034
1917300260,216715.70849780232
3396800280,562414.9549275144
8691420050,810175.502575618
9368700006,290655.13477754634
339600290,396050.7811162909
1592000250,620370.1873607942
1471701780,340984.08417419856
8928100205,591024.9491022996
5029450100,216171.99218950662
5493110080,2404963.318310192
7883603750,278489.90833279816
1732800175,897955.6599476897
1518000290,336747.2459736243
8604900017,571848.9728016036
5379805160,305846.32192450593
1254200835,582975.435593243
3179100482,471874.70953128574
3313600266,198825.66323333996
976000879,678721.871808573
8819900220,642295.7714127067
2130701535,303306.62394483463
1176001124,530364.4451294257
7893805650,316524.5701562891
3885806840,919186.2983335888
3625600190,1113195.0748403452
8562790150,797201.3707432727
7348200115,226014.28438264906
955000453,453996.7386469455
6817810310,383797.0296138102
4040400340,465522.94392037485
1644500050,644321.4826929386
8029500100,313847.54911555815
5244801230,746538.9125108473
1115100119,381026.6506462616
9542400010,719337.1902985321
423059387,605121.4091122774
4023500990,349304.5972014359
7899800857,268207.3421606593
2976800796,232599.19971796306
1074100020,324643.1595890957
446000010,582630.1349321759
7942601200,439404.26696515066
3575305495,809945.8745528968
8691310040,771524.5147492042
6117500430,714582.1359952365
3924500130,549732.8300592763
2028701075,484532.612075308
4330600360,261381.69114788534
1324079082,401899.3145676146
9268200484,711640.0146872845
9828701605,605750.2439056635
7518506715,955541.5559861916
5315100277,1395983.851008663
3942900115,384718.493319648
1561930020,478573.72141317144
9510970090,622614.8910325554
6163900821,353334.7039375542
9510300220,568036.300292384
3869900146,301114.52235808084
9262800208,692621.0299437491
2522029039,588352.1955195036
6865200095,676307.0489374164
3782760040,491992.4341140867
4237901250,620336.5694444495
2891000610,237704.4699311375
2749600095,517954.71782939864
5422810010,374960.6162952881
3629980350,760156.0706765406
2459500070,280474.97374197573
5113400364,703412.4743370046
7533800885,787376.2784584214
629410190,751172.03143982
8651431100,194187.8277190922
7960100050,547833.4073502027
1842200040,455169.3170519696
425200205,233784.8856183807
9477201470,372723.3942306459
7905200365,492128.0906151476
6381500635,309129.44801661075
6052400175,354621.6599124334
1236300268,490973.4096484405
6072800265,1584649.8479688778
3423049311,210923.37981098454
3755100540,394222.7868313477
7852150120,376890.0382325131
4180300050,382412.89634079835
7625701935,338276.6448826779
7132300550,414202.8926380486
3025059093,3261385.319743679
8161000220,426691.4252456492
7852011020,572937.1291348089
2599200160,338424.72822096216
5536500020,552755.8917276413
2095600150,275418.48240534245
8910500226,370192.02820354665
1681400010,818678.1029150771
1424069110,691995.6075657258
5127001620,306257.8550652143
7940710070,437492.6869278693
2413300980,298104.36550112814
7853400250,606017.4146205807
9542801310,289942.95023416786
1890000169,511939.1960911128
2720000120,285081.6130169555
9424400105,530257.3278003186
7888780090,262221.2746168789
3501100280,380492.663496948
3905100220,498278.88752217457
723000150,885410.2274752402
8691310980,703875.0832839049
2297400250,458694.9081500474
2892600056,233332.33759493235
5273200080,554306.1465073134
5145100460,438747.47528174164
5561401260,581507.2954814594
7732650040,934974.136377035
7504101280,914327.5508819846
8581400345,265734.03862274083
7129302800,416520.4187209402
9551201560,588339.9555626367
1546600020,639096.8650799994
2648000071,237142.00316290988
3339900640,222091.7865933599
7853301240,445212.9399301445
943100262,294420.4563313809
7202430150,860756.5626416695
3558000120,336250.7537709753
3890600150,481411.4446391597
7452500315,291249.67243002355
7173700591,640212.1032918371
438000015,725071.4137535809
928000020,395406.82348780415
3830700010,405206.6922644301
3845100640,380096.0656599247
6675500112,336876.47918947216
1773100920,336134.68214356934
9485940330,408896.7356023171
5561000600,460933.86249132705
1786830090,603151.0238409213
2011000020,239997.27577965902
8024200681,401312.50983766513
5452301810,1851395.9413496042
5515600075,304726.93642373604
357000135,1247817.3142011785
2541100010,591990.8334867995
1090000036,596059.8879720492
3459100300,422223.5466639451
2450000295,970009.7925811184
162500015,393815.2543631537
2592210290,767253.9190937778
5101405265,540693.8280430622
1122069019,690190.9067158836
7501000220,951400.8847847616
1310900140,330003.15744500543
3298700941,253132.0328158312
1972200382,421766.4464881143
5100402764,448094.97671635944
2623069069,653072.5977812022
6372000280,518217.6033012583
4305600240,462841.3587918692
2767602094,536004.653986518
2500600289,152782.18173759652
7203160090,803105.2505672385
3521069146,536014.2404539764
824059321,1587135.9231315854
9348700610,865675.1886337007
7228501745,484434.21323464287
6021503656,451378.98838313407
5437400630,554973.0258237341
2207100740,431477.4653582902
7202000220,420927.6454828975
629811340,711514.4423934922
1324079029,347661.26803651056
418000010,198822.57897620514
6303400290,212188.3286611404
4139910030,1238456.2874816535
3023039066,374162.6084766347
8698600395,198762.02599331725
2799800710,344278.56126372115
7351200050,1027012.9282446394
8564860270,474076.92478907906
2591830020,415699.53350861254
4139420430,1556198.8808255258
9828201725,519160.861703763
2420069604,259104.7418424876
7224000315,204931.53751271567
3861470120,2083978.060462158
3222069151,306158.8878335093
3869900155,361415.26943603274
123039346,303508.4644413696
305010050,665693.9343890717
2141340040,694272.5027970964
7504021310,654742.557553438
2436700315,513327.4405332376
8732750100,376651.09977112786
3298201290,338018.7051814681
9241900150,1156903.159408455
1180005220,214997.2032357455
5540000050,297551.0942948003
9211520400,239448.41740825394
2623029078,501476.71335072105
7132300695,403894.3870884283
6430500219,430325.01648634794
6084200100,377359.3227135996
7140200280,262828.7046480375
3904910610,618922.034540767
7625701900,452627.93281391857
9432900560,334968.9954784258
1388600110,230066.62517458238
9126101201,331963.5155761613
4224100030,392821.0036204063
1109000390,562341.4848243365
3336000296,271697.3069799715
7504100590,767940.8860227069
2025701060,262577.7316504736
7527410080,654565.9187389024
7304301045,265435.02398428536
2591840050,450043.8632908454
2767602490,410393.719661891
5494000040,1191869.6762760214
2473251090,278047.1634904658
3825500080,488256.77676919656
2309710150,327257.741851304
8901001335,656643.7844447852
1781500435,427417.8560656157
8835220200,328472.8011507074
4037500335,526107.2234668032
1338300180,1962729.5830510526
7968000120,265766.08482976834
686050100,925008.6884717889
1180008315,216727.35314739705
1657300280,417255.01705485943
7856600170,753752.1021779196
4154303125,568214.9735656156
3295730050,617103.5777911232
1777500090,649747.6447729933
203600470,624535.2787661916
6673050020,348097.8374716136
8731980680,281605.90942746564
2273600260,523612.11115179124
1000102,284984.16931202315
4197400005,533789.0680097708
3378100100,270780.8852100191
7856620210,780394.5704176427
9275700765,1039460.5271758792
1246700136,415634.74791176186
4239400740,160559.99446778305
3306300630,186074.03356487452
2524049056,1246842.7713643196
2023049245,249630.1901325897
3210400340,266141.9089503511
2621760350,309265.26078325085
526059183,424872.1287270099
8078460050,632863.3952372298
7504110050,657362.116380048
3876312840,411361.04877647426
9268850350,321419.69533830736
8085400490,1200206.8902323253
2722059185,441316.5069833216
3644100101,356583.0847364998
1321700030,653965.3649534424
5608000630,1416477.1872884163
825059349,1458980.4418488033
6083000071,218814.79514274033
9164100105,517792.38496096624
1425059145,500167.989238957
5210200184,499431.3800505049
9477201370,429289.30142432067
2927600630,859703.2886007669
2619920170,844005.0886610226
1560930450,585454.5376985462
2896000510,570197.2125772914
3034200067,621865.9471303411
4025300360,354721.20536217134
3362401295,517333.84186781885
2391600555,396683.4635826075
7550801170,507408.9647276734
5347200175,271082.5107054789
8910500471,457409.7909480256
7199340560,464948.32914031943
9266700175,379285.3021176227
808300270,447421.94268296176
2487200875,457692.6840465836
8728100781,300019.2832318354
5379804888,265770.87087804865
6619510060,462878.6709811076
5416500680,443866.41615889745
1862400087,439545.2635275328
2126049277,428030.8638791415
4137000070,311274.24788228073
8081500060,2345797.8546845834
686800065,986871.9926141587
5561100180,583836.5465736921
798000342,292587.4941389608
5603700095,592187.3348756158
7151700585,1330986.555533134
8129700565,664878.4386622072
2782100260,650577.3117788914
7011201106,389998.8852370652
2423069084,557977.5792545638
8141300300,313686.1591499165
6601200040,272833.96977332013
290200230,678549.8630178962
1423900220,247352.05440127247
7303200450,227552.45171115996
3755100220,387822.922828097
796000235,206790.44897889913
7237501040,1193633.896381537
7203220400,848391.5808135747
9285800275,799162.43591395
2061100435,528388.7840872541
6414100025,580047.860295647
5317100750,2425802.0756816994
6145601000,468335.1080308022
5634500775,475913.69719831523
7375300160,578389.6523517288
9558050360,530974.7333221792
4151800420,524757.6270071192
3751600146,172569.54655285776
5302400080,569575.6512286618
357000005,576046.4201712905
7283900306,443652.88987136324
3738900105,301970.57193843526
6822100305,617624.8255615269
7436000205,529685.9170947656
3295730040,602608.6912362126
1526300015,394633.91015782516
3294700101,266552.51522891695
8864000970,207111.5778242289
5469502700,395143.906695886
8078520310,237721.53678035192
6154900130,342653.758321614
8945200830,195404.82318157505
1085623630,386368.9052959811
4013800131,217765.91744127116
2287000010,657979.1317459538
546000930,651082.9922068897
4051100390,223031.66698082138
7203100120,641457.9428744955
7523850150,292469.67839823343
3826000665,257764.11705223986
1311800560,214531.61108917173
2877102180,504063.4787891553
3221059044,752443.2826646575
9169600110,559146.2940900817
9510920040,757249.18844065
8813400155,840607.6518313009
3896100130,1054784.2986068148
2568200740,758369.0804963204
1217000340,302908.2074738103
6430500086,468671.9200104599
5634500234,473516.26679928927
825049073,508625.7901335166
2391601445,1132119.8996081129
7881500330,428644.48941102216
1721801591,112816.72297698961
2473390710,301796.3574964457
5634500891,344054.3030602723
5515600163,473485.90979004593
2560805630,256297.58925259943
8078350280,614452.5694652018
9477201060,371628.4256107433
8827901350,703087.6426865665
3560800040,420453.05002608115
3034200370,540758.5895038261
1328300040,338258.61412987154
2483200010,638499.6527829736
6071800480,412012.8851273986
6200017,201712.57153726844
8149600065,804989.435810422
3362400615,461908.9151539341
7518502945,588746.0634277448
8001210120,271863.19808534964
8682280340,466502.9934162781
3623500408,2698097.52864754
3764650070,478188.7598417228
7937600380,354819.59365575167
923000580,650662.5104001049
217500005,412143.0695678668
5419800510,246005.0299514586
8562901250,520393.1320263656
2212200100,283993.6443088222
2310100240,364792.14342467976
8582010240,653658.6627763927
8651410670,181498.56929730013
3330501645,295679.7134130714
8113101232,341071.0912369551
7849202190,306053.9885604651
1864700300,312632.6444730735
5231000060,273797.35142996506
1565900070,235389.97752943425
7555220140,761558.2259162706
7518505160,530626.9394468451
3322049005,601141.8341556618
808300550,421197.02527482406
66000265,380158.8620928587
2880100675,377123.413066351
1524079156,409486.8934385841
3625700010,1497906.0226584983
3259400024,342788.9879382409
3205000310,370220.1888059084
807800190,280439.83589267725
2783600210,452726.9235936188
9290870040,814426.563289897
2561360120,423519.06118943053
8857100180,424550.8704762842
4388000070,231054.86260053088
3860900003,979435.3080900772
1176001119,538142.1223602871
6084600330,240489.49218927237
7985000100,238549.9598969802
8026200080,340231.1650872695
3210600010,710945.1336200666
7558300170,511047.4656288723
7852180340,454887.72611789854
524069011,653327.3447214024
3361401011,140540.68652745106
6117502455,254413.30468290122
5602000025,216916.832559067
4142450490,298621.4031101892
5306100255,368232.5059101768
1795900120,566510.2936297393
1193000280,811890.0479971482
9238480120,541844.0678171292
3630200780,949738.429631922
1250201130,422273.81687625934
7796000095,1077250.3611070884
8635760040,500030.3957305448
9476700135,284707.8747053433
5249804510,469753.01984164957
40000553,223896.28294456608
3204300625,811910.4969053932
2596400050,382295.9301811536
2724069103,392134.66222325334
3744000040,436042.2336695236
7525100590,437420.57328659296
3705900292,411974.68106903444
6169900790,2085610.2694168002
8127700735,1038182.8161987189
3761700067,966129.0605702873
6065300570,840431.0218715841
4022902050,493239.16015179415
3886902590,530311.2326890723
4107100190,2277504.0007547666
2909300150,675624.1517101858
384000135,467205.87681630376
1005000036,392174.606413336
8856970530,315462.85291350953
3448900320,543679.203625399
6713700100,378654.45740560594
2260300060,2296849.6234165793
7273100026,634731.3219740532
1277000020,918065.2225660731
2620069113,343549.2193961389
4166800080,335712.0803613405
8731902680,259644.86023441094
2599200830,225923.42942213896
7569500010,688479.4257079625
1825069031,671329.6922983745
4443801495,590185.9863662735
7805450110,707066.0796562142
3345700207,520657.1930822495
1560920450,967028.5511352413
3629950010,460149.0849957805
3782100035,288030.262805687
5561400340,791145.8949637706
1898310110,255396.09335641624
2122039094,639625.5915061962
631000040,615020.5987742604
293000145,418120.2385968801
8121100015,356465.96296112647
3205200430,375976.6850098974
2475900565,294725.2655132901
1651500040,2163217.8890494253
3955900500,411593.4950625069
7907600100,245886.30516559826
3123039136,346550.77129807556
3972900735,295875.88921133825
1424059130,544828.2269209548
6792200282,250708.259914559
910000104,279801.6358252054
3751600784,301155.4502803792
946000295,419868.89341111534
7749500070,335780.6481313332
255550070,359199.75597985036
5151600340,286676.5101718482
5415300060,501597.4320608184
287000110,505838.9753596233
7585000110,190808.2807370931
8121200460,519400.575040777
6891100090,867777.4541398616
7575600100,282433.1451198791
4240400140,585436.3602124725
4046500510,322194.4729263076
2944010240,1084017.868095327
3449820380,531036.3594807097
7203102140,301045.1805207065
8665900291,556574.3565865742
1775930010,434356.6922127801
1118001631,1448204.7566303357
8911000445,320942.9024988822
117000100,592121.9065244929
9284800085,444641.0756375797
2795000080,507420.2251607293
123039207,373617.4758873771
1312200080,222192.9857701087
1236300290,1253607.4164713812
7549800168,398347.4896143188
6891100260,859695.305159728
6072000910,510366.0074965324
3226049184,388750.7404144633
1442880320,501721.6092994406
23500190,600236.8027828179
6021502070,506368.2355128616
4168000110,188555.23523218714
792000006,189739.64518156447
9558200210,239642.07850885324
3840700757,630789.8188790896
3876311650,587517.4566503355
1328320800,350414.84483886993
5006000170,253158.46750841895
7575600430,264373.5247444584
7686202580,200773.26593885385
2524069097,2015532.6363041464
4292300024,360641.2785895548
2726049071,382927.3191677821
3526039019,755475.6664834861
3300701365,480678.3028774425
1274500170,202061.6079210984
7282300095,276311.50243854366
8562740440,724054.7041498731
3761100045,2709901.8509123996
2877104265,858198.636729795
7940710100,541168.4353439258
6071000030,780965.559357639
6448000100,1656790.311788087
2923500230,2795616.657952811
6751300375,471855.8686030417
7214810350,487016.396039017
1088800470,564573.861540191
7129300420,233294.07105811214
6149700405,300773.9166510041
9521100855,474447.76365401916
1861400116,777601.6719301046
2787460720,219723.30377744764
6073240060,673072.7528752937
291310100,428350.1680479867
1247100035,1093393.3691785925
2626069030,2031748.7333621143
1326059085,598140.0637006583
6447300265,3693787.2897776095
8651401270,172563.41870745172
3524039209,936394.8227043715
3226069049,1015433.3315675727
7548300425,418527.36268735485
1438000360,478877.63793713116
1777600900,689262.4594038991
5244800695,522843.0447846933
3387900390,247384.11622782654
1954700615,1166578.2176171276
1026049036,311053.69985432824
1683500180,238157.10916679353
1939130420,655462.7535494643
2021200530,1159622.6339752937
993002325,447248.9325997368
2780900220,285781.3056332863
2540800390,487851.147067736
2919700540,607247.999514095
2787250090,523925.9376828966
8651442520,277725.4900794671
100600860,197173.9552083274
1437580480,978084.2187898568
3886902505,647486.9445224922
173000140,452343.0691374399
5151800045,508227.81220748206
3010300240,565807.0231479877
2085200261,309673.7374719504
1839500065,276148.95784610696
1049010300,392206.2099126521
1328340540,307937.9991110291
8887001625,448216.3937722037
5332200320,777135.8198963796
7137960030,282471.19418195786
5468780250,336267.7824255006
2436200715,607853.8073467899
5137800030,322805.1879208701
1068000520,1192128.9519552614
5379805121,391872.41276294744
7445000105,460821.6638751841
7942601895,739132.8785914804
1727850350,1167772.2288440946
9407150310,313983.00999584235
5569620550,735151.2632119895
3179100480,509506.087202611
3624039111,259082.68466217528
7844200050,293586.8307021963
3304040020,361819.23669439385
7739100155,605968.5291566664
6099400053,188691.9600010198
7468900270,190744.45713543147
396100025,319235.42529564205
1160000255,374882.5284117176
6300000320,368034.9067463229
6392000570,386427.1565560476
7387500235,363539.29177602683
1121000058,566897.7672322183
9828702120,531831.676358883
7715800310,447286.12560383626
8562740370,711292.9180559809
5637500070,415812.4521822137
5561400470,611496.716848315
1189000205,454462.96759158163
2412100025,369877.08458775934
1073100065,337237.1392718045
5160300020,565995.3301153443
2770601677,519787.8699008634
5104450070,425695.5929086721
820079043,410637.90585538896
751000190,359191.1989954403
1823049179,332454.56142263865
7430200060,1258531.763563513
3331000035,493329.32574254606
1775910370,556667.4409171238
3626039299,511270.3444756001
1546600125,689427.3279771996
3260810150,308799.1319064988
6817800330,350015.6517296027
414100045,392576.5958389473
1326039061,363086.91687443416
4055700030,1222347.3445839284
1225069038,2430749.945744773
2296700260,456460.1273579907
2822049160,224139.355525673
3395300260,528768.906239894
5144000036,362583.06283922744
809002290,836629.0167235495
7334501410,319061.84724268614
421049114,188605.89328048253
2623069010,928263.6550961225
1133000144,557988.7716661826
705710290,344422.8941845813
7313200120,628595.9823655678
1269200150,259806.11307072238
9264930970,332473.94316288905
6819100020,2020113.0530831008
5112800421,255768.8598786036
7846700850,287996.5014171698
7227501450,239181.85642045215
5451210150,650947.5389674836
4140900140,414152.6961967345
3537900180,866091.4402660143
7738500475,479363.36288971093
3541600450,411345.42491030646
5379800040,293603.86348820385
6664900330,278504.63913881354
6056100312,323344.2358302121
7766200013,569405.941851348
8651720470,446235.02327186253
5690500095,851248.9887268236
5423010180,772688.0277282756
3204300610,548435.9239967522
3425059066,551621.4201668635
7856660130,1068168.5078594256
2954400520,1243054.676972999
2327000110,884616.2381804981
9526600340,666404.9616250615
7695500200,436131.8565386684
7237501180,1146239.394943457
2008000550,255501.8361353592
1123059126,542578.1754552659
1775500371,789829.2236087626
3459900230,1906481.0050080419
2619950310,466623.62202197866
1771100330,372455.0605937703
1321059097,364815.93004855246
2420069278,291534.29976014706
3832050570,309442.0528082089
7132300525,448911.46182931203
8691410700,709212.7309292583
7967000150,313959.81341409584
1328300810,390939.6578996673
711000110,1254920.496583804
9485951460,439250.61373851757
1771000970,319304.50638832996
2817100900,239547.63178617758
6817800630,382722.774272481
3558900450,516096.6689475935
7215400770,379190.42237170436
4222000320,205017.46427941878
2791500270,258522.91857673993
424069018,872052.5932195847
9547205180,704058.6099118508
5631500947,569313.501275593
1425059193,1126534.152670133
567000775,421767.3713141566
3904900610,522072.8308170898
3649100346,405944.78184749925
1624049228,498507.32386137825
1559900080,355857.7065541023
2919702040,646839.5026628154
4013800206,198612.43129430292
1025039292,1395526.1813725897
2771604640,755848.7622022696
7203600550,256499.43148269554
1545802830,266031.6204182755
3303910010,585184.2199907759
8617000060,893012.9992797998
7889600190,253247.37200222278
3325069064,439880.32998713705
6300000337,538568.4297808455
1172000150,277277.8274182334
3348401319,347212.3368975629
4188000490,906711.2834963035
7779200355,630699.5547029051
8029900110,429778.8529570125
4060000290,204162.75138694549
9475710040,393816.0702491959
798000535,238943.95907506061
6415100410,423848.98314870626
4299700095,325440.90783414675
6117500955,390506.7388074638
2421039075,214456.5949030476
3362401935,509840.50877406663
1545800205,284304.43374817
7645900235,644117.8891871406
4141000060,1148492.7999195573
9485800050,658935.0254222039
2436700280,756843.6803058448
7335400400,226666.20229945815
9294300495,791943.4179380818
6649300190,450577.922405414
7950303270,386205.027262727
2391601010,402401.4658942765
8129700728,586311.0413749738
7871500685,596686.9826382026
1498304065,495364.4496147286
3862710010,416312.1328696742
9209900335,529932.5601942363
952006857,347408.0527375403
2322069168,636043.1143495099
1775801090,448176.10579728446
5700002165,505063.5150054836
4029400080,416416.36384541454
7796100080,854192.3229466139
9279700150,1816844.5668681774
3876200060,425298.6690528437
2934800025,343458.7263999747
9359100101,1016337.9894020874
3330500335,313858.14742689655
4027700466,379662.8289775137
3204800430,414266.86345378455
5415350770,715150.9390651028
1443550020,483829.05771418946
2810600022,336529.1006905401
1238500281,521248.0722557395
2591020140,471071.1665775968
7137900960,228753.18418794294
1328340630,282675.01632414776
3529200190,327996.10690461926
1624049291,707491.6288341404
4083301120,586785.9394705334
1873100060,676679.9073298506
1773101159,276160.0861333398
7214700350,484378.63886766223
3856902250,566334.3696132358
7169500130,521797.2063720615
4038300010,426447.792254552
9578500810,415549.1378320198
3345100184,392545.1839825276
452001860,479853.9093603218
7905200037,516323.0550121536
9376301110,504101.06800615054
873900240,292018.372527098
8682262400,412470.8166302551
7227500910,180091.1657923218
2392100090,488475.43536119
3221079050,404392.10316892155
4307320280,347634.9071996278
3211270170,482528.4376218046
726059483,664260.5300241695
424049043,739140.7134974104
6865200140,611789.0415600783
1155640050,420351.64996524836
4139430250,1398212.569787486
818500100,193723.99402949106
7999600180,198436.13256316158
4099501215,828388.1073460713
4046700140,346957.90363940387
8857600490,197850.30917421434
8677900120,501492.4659807754
5379805253,199272.19706547266
9211510410,229047.66819016603
2337000150,290343.1637412052
1423049029,283134.92234268284
4036800580,470483.99673291727
3942900010,349509.4396811998
3438502715,408730.88690213335
7625702441,392181.9643300506
3905100610,482952.113048391
2218000335,476295.48460096284
3034200516,380507.89255541284
8024200625,401871.5948882628
8564500020,345851.3046738211
9550202700,470566.4621509899
7518508625,608498.3468112411
1822350070,388765.33530452667
8921000040,861911.8868305209
6648150090,1662211.323022791
2402100675,656894.7197584554
42000127,279163.13597183715
5100401160,484240.9197270795
7347600507,249130.54792846355
1839910300,327544.6818813437
1250201550,692049.2067219857
9460000010,304324.57767148595
3356402232,212562.3403252274
6819100150,659997.5330761616
8645501330,255679.67152088953
1556200005,797401.7738416044
40000228,191591.46017329342
7300410010,376347.46142723446
4299000030,378328.43906606943
2629600016,434762.75747306534
662310900,371070.85591631604
1909600046,503766.4753092566
7893207490,222993.91592675308
2524049318,1680251.5441523413
924069210,745877.9481106179
1591600527,333743.56479976204
98000060,1241299.8180355541
6392002020,703114.2654892029
2719100400,463153.5597175385
8018600655,398932.1861968447
2141500020,436510.6152874923
3277801580,499371.3892184463
7237500110,1065208.7628501924
626100023,545134.1703570103
4319200820,379034.0372928597
1422029138,554803.3215013406
9517200610,366512.9914996946
7334600280,275159.64196280297
8820902400,538490.2580384394
8944600060,531579.5319030348
100100050,333705.40765901346
8074200100,255485.74980804458
1836980240,795182.8468824042
6648500440,319524.2285238488
9530100225,657766.8639031425
2883200875,671210.5167051019
4218400175,1028606.5702955973
1022069183,625634.2295924322
6398000171,481204.47265622654
5021900160,598535.509514714
8078410250,547388.569675502
7972602490,328499.78906234226
1962200435,742095.334796746
7221400285,259894.4077845273
273900030,235124.29983742867
2708450020,488650.5033029839
4083306616,438331.36311453953
3034200435,525924.8326517566
7855000550,1248121.5601217244
871000155,630656.6067870108
8024201714,549780.2442510235
2625069038,1197832.8976152146
2324800350,804090.9000691532
5450900010,1505789.7814412955
1822039225,510752.9385332147
2460700700,288245.14191521757
6679001060,311789.4294874794
2422059111,326628.34716495645
1250200345,284498.4553467548
5589300370,325765.7596415873
2021201000,1507641.086292505
4302200336,233470.0848637561
1328330290,336803.5965772527
3438500781,373049.81725910696
5453700020,669996.8752176553
123039147,404407.7861374481
8691310070,857158.2310045774
6450303785,330572.3837419565
114100234,477317.23423592874
9212900820,502527.15513127093
4270600025,316199.14830623247
7201600190,473170.39627800713
521049227,783982.523559432
6300500479,382490.51117702253
1432600100,214672.72917180334
1024000109,368970.7503801166
1430800100,321563.7767321768
9164100125,560237.8621444465
1925069183,497386.2502603604
7852160080,905989.6138352577
5317100780,1466659.2190718194
4083304835,574751.1261501668
9478400080,766842.5170511259
4463400195,200970.1864407256
4232901525,540587.3213598026
3845101070,373050.95304673794
1843130980,300367.34296301205
3810000480,303888.57408850855
7137960440,290334.3560026286
1231001115,358766.6296605202
5101405340,476629.42794238654
3723800409,603198.2959048084
8651430370,197565.3372664323
6135300010,251811.5342943647
23520380,483672.0722553549
2935400100,524554.7142707399
6137500320,959809.4369147333
7841300230,313367.4045392941
3521069051,470086.92972895724
2621400080,295309.11337295134
5104530240,338927.714782331
2022069200,433482.40173358883
5469501850,413493.2411510644
9206950110,310114.1557101986
3298300210,342009.83135630103
2810600015,391519.26098047977
7298050090,538947.9904217786
7202290620,449584.59732134436
3211290370,433779.794644165
1591600506,352395.1793207444
2827100070,395954.14161704143
2482410130,394998.51223145676
4364200125,405987.1770278352
6388910730,550572.4653922898
7436500120,535628.4136642363
1822059156,619426.6961298769
9432750190,500741.82321622234
2205700405,434735.47993157327
6056111370,326886.8053188329
3205500160,396812.75731192366
6139100076,370356.091859475
723069135,443792.8675782402
4123830070,317966.52350670414
2472920740,463804.3717168572
6134500220,620540.5993384497
2734100395,257616.56943173253
3574800090,435878.59697800974
3126049107,483238.0884639083
669000210,1007856.7354970634
1139000620,309571.92325928947
3825311190,703627.792908419
7300400320,388800.260878992
9407150250,295699.0531084222
3679400503,304748.8140726077
641900050,432380.71389958437
9169100130,599387.5890860882
8091800140,327856.2138356769
9547201155,514677.5141163282
4154302045,283134.4235389189
6638900265,728526.7216152266
1423069063,449050.35262461985
3335000025,464219.8984185679
9269200650,264372.32541481365
1781500180,361393.7007206051
9211500520,220931.66098532325
1853080150,805958.9504992324
2767704756,474055.0395014963
2206700295,429555.3298886835
2557000380,295818.99158933584
11520200,767243.8583733819
3832710680,233728.00180125155
2569500210,327362.51706392004
5230300210,253178.12106047643
6447300225,1447406.3312766398
5035300325,1128777.0414111717
7853301660,744314.0597228627
5411800250,354813.60338297824
7203210170,648709.4351846965
4302200415,299871.7858534808
7942100290,217537.34477046385
3629860160,823095.7969231643
1423069076,597678.6026325827
525049085,569844.5892614615
3306200230,216827.21999573178
2193310300,467953.0991828397
7978800621,266035.23579080636
4027700632,425420.0795337979
1761100190,226080.4171489524
2749600245,572804.1165729905
322069141,472297.3116679978
1900000035,189993.18794951716
3361400190,197616.49427754685
1604602050,562797.2119576187
9421500160,453822.2466727202
7788400180,314496.6307422338
1566100625,509686.22580374114
3861500340,237472.56115560472
2524069072,305914.830853386
3013300980,439506.0631376543
4191500130,631123.0051859774
9407150130,312209.94003044395
3904902500,736028.1294900274
9510900140,243551.41140953408
3368900084,311800.67049289466
3432501415,330705.28804583615
4254000540,481915.4798860441
2767603250,555160.079867619
2923501130,669875.8627393068
9183703045,280374.2098041887
5279100675,313519.70478256635
3905080310,524651.8876934735
2461900375,688042.4080728552
3346300356,527890.677069561
1865000110,371684.9555471589
9264930400,306970.17141028
3447000100,631007.4507577205
2313900510,473156.6896174795
7518507330,562485.6541161563
9368700270,212538.0806663879
1137400420,384613.0122360656
2023069054,352216.0988967985
2141320230,578763.2079817338
9536601295,340018.25163038913
2424400130,378067.13043780153
5210200081,457121.3494509261
4443800785,540588.165163796
7292700005,518847.68816850765
9834201205,302556.95403864316
3275800050,258761.3583499998
6926700654,683710.2438327761
7511000140,1346219.659118473
6821101895,571613.9667275882
8964800695,1172498.2328000502
6821100195,707658.0971424608
1226059105,632689.4592220706
2806300070,1376891.4543562697
1720069029,339285.2549398513
6384300020,467356.89836702513
8928100125,648608.4197256034
8562770720,565359.9475459753
8650300130,793796.6074396808
2126059172,427257.4715575185
8812401450,779682.617606302
6646200280,626469.2941487503
4021100045,529714.905100831
1155620190,398679.3553200696
6061000010,359146.1555222909
3362400472,384293.24127696996
9558020240,505914.8512681709
7309100270,539049.47989576
7137950210,324987.05642509344
7849200635,266728.03871656256
1311200460,246303.99021924197
284000095,1147062.718823322
1509700050,313203.68840527715
3438503014,266218.03214507026
9406450090,340168.65581161017
5096300140,421906.23466030695
8923600020,1438765.780662786
809001070,703411.1117308228
2291400342,319441.9507879209
644210020,771703.43313659
6700390090,264149.68850889575
5631500285,692174.4045209818
104560120,286588.1430447937
6413100311,359094.5861859128
2558700090,462489.8320655127
1471590060,746392.8785184823
8914100170,594029.1779444441
5652601035,368059.559730562
7852120140,742496.7903039034
6163900952,365802.4735735801
5215200050,774841.1746632511
6352600490,783802.6755413027
3912000020,551046.409980761
8830400135,227141.60184306302
5467500040,400625.52007807244
9406570300,417446.9365136405
109200390,233377.47645062293
2025770310,703295.2103965625
1939120450,664200.8165810553
7524900003,2367330.7727732155
3755000120,344152.142350836
2473002850,519625.1532194851
7625703945,394200.7050615999
9477000190,419676.8457714418
1727500230,443929.77081737283
7011201087,446176.13910452335
5561300750,500324.51489212504
3969300030,209968.0156089158
8097000330,328157.38873970334
2025049064,698866.0423535516
985001321,243443.60702697234
1775500050,411578.68805587414
8849300160,381966.01898753794
2316400285,509456.99385127466
2423020180,559916.6986836453
7128300500,517056.52056686213
9512501400,428914.06231862196
7200179,184301.57948222425
5490210670,519903.5142682965
9527000330,577009.3837266043
1972200326,515223.75075734255
4151800195,577498.5274224359
4046500320,353041.19569503004
9834200885,443260.0008624898
8161020050,519450.48068543297
2891000750,226790.904553017
3426049031,1306360.2296612114
7387500195,290869.5201352342
6303400395,147009.5893937745
638100015,405573.3452363184
4107100204,2410549.16466449
537000255,215589.05208081563
985001266,279999.7358766351
1137410040,464407.79439820454
7229900250,270265.28447354527
3905100840,494217.9826473432
8100400160,609329.2651283679
1346300150,2936382.085575481
1443501020,228451.4060301459
5490700035,379140.4317557224
1954600050,422568.8891849641
8122100690,436218.6922303466
3663000070,487584.55495080363
5101406375,482872.7175032273
426059055,606135.6344003542
9268850160,371881.7892596925
8731800840,256990.27334142357
3331001910,332667.8122883964
7603100020,893204.3097493994
809002705,670772.6831767015
4364200075,286467.87541804963
1113000430,183736.4042335643
1176001117,537302.2067420696
3320000212,409107.75952787604
9286000150,1350584.4468017337
301400830,246827.5439030543
425059024,693018.5354489633
8835350300,513008.2518950989
7100000135,302533.50840145734
7696600240,212536.9832969818
9808640320,1104874.3635421584
3764500180,576473.8206298302
326049060,586150.5519668092
4017110200,442872.871919577
7224500300,245733.15231908544
1560930050,533181.1679614113
726059395,436243.41154386796
8964800890,2661215.0740147377
4045500620,619208.3265418282
8562710250,960032.0162393791
1775800710,358686.6503496321
9528102865,720663.1362855436
8096000060,708952.0491359729
1591000015,260667.53846130875
2310000430,278247.48718515213
3902300350,623841.040074555
4068300280,260554.95515704778
8732130730,241771.60285116616
6791100410,523665.2879238945
7660100236,390666.91074607597
2568200070,843435.7919811386
7697870310,254742.2013007914
8562901100,614775.3815098108
4016800120,302685.21481723245
7338200180,577458.9613892561
6791400320,265197.3266146596
616000200,402484.3708577932
2917200675,449229.51782277145
2926049086,571629.1335020842
3621059048,439612.10668485676
7987401095,722837.1534959095
5589900590,400619.5205268446
855700170,548706.428740766
4030500130,318724.6278203604
1755700060,359924.54940215807
2413900050,729241.0022398687
2489200250,466050.7168080022
420000085,230099.52177284556
8106300820,486878.21459532104
8651730580,455341.3703630359
8106300090,424977.7523918583
9842300095,450359.3483825638
9477000280,411751.6874425103
2877102495,415643.73385919194
868001030,957558.7087758901
8564860110,538840.2383432515
6762700452,559354.7577402685
3294700310,188242.72496683523
7231501665,245926.2853477048
7525900050,546357.289390769
7882600326,1497121.2295778797
104550690,301293.0548622635
3425059076,1085840.2604987244
8835770170,1607942.5520570802
2581300010,1158169.419844137
844000180,261199.1965464628
7888100240,235164.2299504768
3845100670,441648.8655079631
4027700812,459735.56630558986
291310390,357708.5848558662
9550200370,659579.4909675018
2328800130,292338.52839494904
2372800100,234525.42543334528
2923039264,582072.1850362496
9282801720,277576.9461506729
9520900230,533857.8129311954
985000955,251053.25306340365
1099600090,204211.91692073733
9211010320,515067.2325267221
3825310820,809382.4249421933
9545240180,561008.4559430834
87000245,265499.42741396563
5041300100,586376.6657179851
3624039150,269210.367816225
1370804430,580747.537187134
722079056,488990.9674403553
9126100815,478362.2674006637
1770000490,356714.87681834475
3995700250,368201.55598533974
7214820400,421974.30004958686
2473411130,370302.9805944104
1824059079,817954.6280597658
3080000030,507296.3259310205
984200540,310390.0332996904
524059063,1724771.1015573693
9482700475,770914.9125174171
8024200820,506447.66120932426
8568700015,359424.8889195336
1223089050,383516.69843213964
2205500400,478584.4832236405
1279300085,722174.9691850666
7376300085,474942.31872130325
322069020,435408.6139132298
291310150,365243.1478975861
724069059,1836191.905636626
5255200220,415709.1086764792
1931300850,455040.17009855807
4427100105,367995.4128994245
2881700231,355336.63197930064
8641500280,284067.6659618086
5406500440,675944.2253904003
8078390150,708086.4869604516
8945300090,203047.43461339222
8819901030,755590.7979714541
3179100220,778971.0027616093
2126079046,378903.90904780215
2621750350,315209.5910463318
4014400190,439735.74506789393
7853420110,596519.2784481482
2114700368,282918.9765031277
3438501081,276730.2930946765
6850700670,777391.5386472679
3352402272,250604.47975344333
4157600150,597125.0799651819
8151600941,314253.44168565725
5160300030,562005.2088840877
3820350120,329432.05409468134
7338000800,188457.9197333374
3359500110,760076.439706652
8016300240,581804.9539261401
7203120050,799621.8691865427
3322049201,250172.93725531152
7231502505,216330.51366732817
8106100105,4310035.222056276
3895100039,898908.8368948752
1001200035,219146.17948553636
2724201202,222815.53289986402
4038100110,512240.34475273534
8827900015,586122.605974565
2644900109,382377.5281754763
302000375,226101.71952032263
1604600095,374532.771252562
2600040160,614369.7010313657
2129700525,303671.5657377847
603000555,309622.6981380248
4083302225,875625.3412495989
7298000090,445967.60552301275
2484700015,531861.2796413531
8945100320,212889.9512188699
5112800042,410744.02022400877
8091411100,286449.85323074396
7375100070,454848.4197676923
7577700061,581229.7708010697
7923700030,447341.01757290366
4235400186,407866.44928119646
1498303700,668251.4079950906
3876312350,419825.133466611
3797001815,418965.0705081991
868002015,1220810.196637402
597000550,397920.43229828
8956200530,397874.9457932625
2207100165,473433.2527655418
7942100180,209517.18951270578
2468800040,341089.8397736296
9842300036,397352.5291181997
5700003985,1710962.8668459111
2988000070,374962.69708826643
8857320260,554075.4262197169
2600040130,557908.5689326351
6632900452,554477.2262820574
7518505910,516338.70198299864
1672000170,623056.7918529289
2597800010,576319.999540732
8562790720,736125.174586892
4219401080,1877544.856970135
7000100711,722791.4771957629
7954000125,516634.2653176211
5700003640,1936951.1390519072
5700000275,677948.436048162
4019301205,467691.4741995225
8943600360,270436.6036811317
2954400400,1220450.7516643524
1321400060,262105.55337040973
2255500123,589505.6436530964
2781260070,418549.4059433107
1313000220,706892.7303476596
1125069153,1578465.6833920854
8899000310,251068.94110720223
4139450360,876579.0401997002
5511600315,539530.6072735117
3575302575,530728.2639607801
3226049054,459489.4541368998
274100090,323268.9940925555
1545802080,250406.1334264885
6669020500,299670.0360575613
3307700405,538925.7705000446
3760500407,1735838.457478813
7853270100,694524.2643155161
9320350020,591478.4067670121
7715800430,473738.3087220108
6791400100,358809.47580881073
7708000010,376857.4294833712
1448800010,264484.8401298054
1782500035,331198.74605602
3449500050,485504.505139705
2856100515,854333.6105352062
1245000461,1007608.408425124
1219000043,332024.35391550674
5409800110,374898.5719431115
2680700010,679034.6072133232
8143100350,377498.56386826496
2597150270,273753.3772916983
2966800010,326829.51824971824
8854000010,691937.7875415437
2207200635,417653.39029626135
1722059222,299443.7435407975
9358002305,402318.3198519742
6392001950,514370.0927903593
3630080070,396709.32175448857
3797001702,974845.951768223
8127700440,692984.1659456551
1446400785,201792.2184715552
5016002275,916985.3002189153
2818100060,1202550.4127318745
6431000748,390908.1931740486
7972600450,341578.01240163133
8078570380,307474.7656635417
7889601320,195649.91272914037
1762600280,1045438.3357437738
3026059085,1293020.2026059974
3475000080,726451.0999314877
1370802620,653537.4182075548
5151600285,292139.7261746881
2722049218,333218.64123085624
7696300080,394973.3840005854
4168100020,223891.98357175142
1474000050,435291.8878181772
2473480350,329106.4858344394
1139600270,295130.1020366048
6699940120,370305.37754632614
7016100120,385928.5821180881
6752510010,764773.7670381808
7915100490,558985.6950620302
984210170,314996.5320200593
6159400030,389770.7399120666
3013300968,389122.6159379821
6404600006,227467.46192612936
2770602170,433039.9316283104
1922059401,198486.64746644505
291300010,361543.12706169044
3856905185,554995.969678768
7304300905,315678.0180262383
3416600185,627447.4290066598
1786810040,738107.324656514
4354700010,392740.93385954504
3902100175,786728.7130295376
4305600360,457996.70239320997
3622069114,601585.8026627523
4376700570,569671.1542640218
6795100589,622866.7480520753
3344500085,443326.30093252636
2206500105,409455.21687028446
8731900880,347754.4212050484
1682000160,202885.27751373366
5104200380,233412.04578150218
1982201595,539809.767535076
795002190,216216.9552351097
7228500375,541252.1465619697
9412200280,435070.15048300143
5071401000,938393.2273052161
597000566,311098.34973140876
8151600101,167541.07003496354
2028700265,527800.585623469
1670400090,186875.18894336926
7851980100,1109669.287061112
5595900345,436127.95429691876
4046700300,356848.1024646908
4324210120,275560.996173556
2616800050,567145.9262724534
1525079069,608804.4194632971
9828201020,539650.798056586
2723069146,661082.8044575611
9468200100,589517.9089811594
2883200961,617372.068552134
1137300690,665171.5244966632
2473100280,353175.0358094356
723049448,230323.58762024707
3066410810,676420.4376884854
5700003280,934299.0764301396
9268200440,451724.4354642433
4053200410,303109.9427311461
1234000704,1323499.6100222839
2473372170,458057.2595328216
2523039239,269764.153351756
4324500490,197344.70750413788
238000244,449694.81546587497
1105000571,379856.4859696996
1771000430,322613.66938792245
666000142,742726.8316386575
3389900800,419986.23301372037
3578700017,576656.4768028153
3629970190,766464.1316597319
255450250,323594.7443902463
1154100205,286417.77992147073
3629890190,1102304.4442773734
3905080870,530652.035793673
8155820110,293934.18425140047
5135000170,795789.8237337683
2464400435,654429.4316813964
9482700080,564391.9792576337
318900080,411032.2715443615
9477001410,386839.4863882835
825079019,679653.9845233636
1471701200,436259.7709313618
5606000120,910242.8489793277
7853350220,556243.8928182328
1776460110,453505.5493202758
3904920980,698012.6694548284
8087800430,558605.7608463054
3298200320,388616.20293349016
9122500080,283705.46467485727
7893804845,318269.77539008687
1370803730,647855.1490386692
8001450170,292730.54897206236
5561400260,662828.3883545817
7308600010,720504.2170715714
3524039060,285141.49550679716
7300400150,357660.41186858277
207700050,578601.1316368692
5595900355,237720.21472796975
2652500285,826422.990747962
6744701310,1931609.0153663137
525069127,1297296.7051475702
3334000050,402908.0022894077
8682220390,676199.195352961
4038700380,569018.7268092718
8073000265,366724.7675772992
9521100960,744103.7543596075
5634500688,848900.1716592103
6813600440,441483.3454737505
1072010350,517697.5370952283
7853301700,648959.2300007074
5141000571,270241.9436400264
2013802060,549303.6359210392
7852070210,1187991.3842490683
1402970070,322022.7893900382
2310040020,365171.60799110495
646910560,244540.38778040832
6647400090,451016.38307097927
8682231110,552390.8024536703
4376700330,559617.9236185842
8069000075,808861.3101236896
7147600220,205700.0368457813
4142450330,268507.08574744203
5101404698,444637.3337888733
6154500070,966603.3219761279
1592000640,605454.7506778934
3756900027,546105.1092193284
7203220130,875422.3081342101
643300010,511239.1853592288
8651720150,502266.1252346341
4139400910,779589.7093379657
5054800110,332359.20466372016
8835200330,398627.27019667276
7682200340,267383.0729974122
7203600745,377586.4068611194
1895000260,240678.9370432964
7922750020,584345.3586864364
5437200050,425568.49714466324
8732160250,256158.50916382018
1442870440,496538.43567472626
1471700410,368953.8721199715
3204800330,376852.2128897325
1923000160,1044892.8396061852
2719100013,375272.7676108585
3814900380,348908.19749135955
326049038,517424.74513916695
1068000110,976631.756845887
8835800010,1047553.4825847612
1560920200,482369.3897605472
1668500090,703901.5626578133
2597530070,829565.2666457896
1139000035,610354.4641523503
8032700072,496826.13976421853
7732300390,734962.3597250305
5130000080,445723.5087438379
9276200890,476003.3945290142
342000036,493914.92588307045
5126300060,481938.80811119516
2331300505,671088.6223108639
8651410090,180455.39412539598
200800330,448386.52726837486
7520000616,318097.0048084325
7170200110,465114.57740541955
3021059155,199998.85191884678
3582900280,872387.7744383753
7340600845,218471.47209329682
3905040060,513109.93074427365
3224800120,302277.6492216388
6021503740,499422.64688752225
2570300130,471332.6529992148
8121100395,455451.4254154712
3356404198,251706.19096408875
3630090050,765045.9006385388
923000413,453845.4282361354
9201300020,1524184.9216533457
1777600210,595887.2366938666
7738500731,3719782.7673583818
686900010,941371.0766191793
7967000160,312526.5510561554
3413700130,557386.6811906649
7852190290,584749.9865919213
1180007375,633466.09002091
3353404510,274504.25257142895
7802900380,320235.9628113355
8021700715,580707.3332561767
3205100080,433404.75170990865
4477000290,568016.6114928696
1118001645,1413145.316857023
7979900806,316477.8814508923
7228500415,677254.3464657324
7212660640,329918.7057481109
3826000735,188503.87799970392
7714000250,439237.49879132747
4400200057,696430.90503481
2487200279,612066.125960988
7140700690,261905.5773663905
3304300080,549497.7174142008
2887950110,254691.90717244416
3760500222,819472.7543904647
9269200786,384885.4778322598
3734900110,241353.10237798546
5045700400,508525.1386674079
2140950130,444362.37706632377
2612000200,359953.4823458907
8563300085,399320.6343464218
2425059173,658210.5698557064
8091410930,292702.55818701163
9422400035,630846.6532951292
1112000100,643759.2848631857
1323089056,398542.3211608734
5015000596,955080.785199245
1535204165,515281.36059400404
1438000430,450528.6330362167
3222059130,527182.2971738202
1982200330,608470.196345837
6624010010,231464.5777532636
2303900035,3455618.2354307924
259600620,513684.64698338386
6072500490,506903.6793934439
123039633,360558.45038099424
8562780090,328358.70236850943
5249802240,642621.3663035337
6071200400,527811.2858657088
826069002,330612.6086031078
2625079030,763423.9606884475
6742700210,1320186.641542876
9253900408,1762927.5783441004
2560803085,250865.94885428733
1237500540,375151.61715494655
425069020,1161071.100906464
9185700440,2301551.8548103217
8656300345,359502.54131821427
4245400045,256093.51698589558
9834201370,390468.96962260624
7853300770,423178.4082856679
9551201295,522391.37589965475
898000220,239884.10510645414
3834000720,359446.6679492241
1245500690,779621.3322317494
4083304190,601829.6973124245
4178300080,771593.422679474
2960900045,604047.40016849
1446801030,249447.83736343068
7855800910,731766.6795334858
7853310150,625710.6135093346
8732131090,273570.04231825727
7967600285,480737.17477802734
8651520510,572970.3476710822
5379802650,239990.706809115
1425059174,477822.6732660675
627300105,861557.2124909052
3124089049,483870.34715705033
1778350270,721113.5094349642
8691500410,384015.9899363571
9169600043,553711.5335852299
100300500,301857.19895909657
3221069054,657482.2345116183
4443800385,542959.6798939623
7922710450,778273.8465663241
7880020030,651182.7733850122
3288020050,337300.8751540124
4136980090,661872.250013638
1687000240,305871.6487968854
7812801785,250959.6513189148
1126059144,693145.6698458832
792500260,370225.8826085668
3222049055,681049.8349955708
8635750090,693291.377483472
2767601280,886950.7397014685
5347200162,233145.39223443644
7503800210,264462.84286219126
3394100020,1162881.1153581552
7663700783,404887.6634984319
9454200030,449274.9809091521
3791500050,290589.9485277547
582000185,603155.6646983013
3211230260,434004.3409780133
323059103,370814.8677157543
7297700055,326582.0378380832
1545805460,254240.10836123736
2341800195,299066.6881621602
6648700150,277300.7497343252
3860900035,1648612.6101350116
1980200236,577676.4504760618
1180002745,322856.3503493821
3275890310,692528.9273155287
6840701100,510179.6187912253
8651402750,187960.5410315877
1588600045,405565.5293661742
2422029094,231697.5431775537
1702901500,334133.92695700604
3755100005,479507.8527625967
3624039074,296441.9212702222
7950302995,439556.23077960656
5273200060,602814.0713456568
8025700460,266162.42862816766
280610020,986558.8269623485
3333002450,322814.52464337496
7379600240,535727.9637167951
4058802300,311565.1729656187
302000065,193163.2205059861
9527000180,579568.4471033335
3626039403,358176.9355666976
9510900360,247885.90749252404
2310040230,360255.150062862
7308900490,587782.1858733061
2206900065,451666.01982743555
324059161,996482.4773065026
7345310100,253228.04854206872
2422049107,332697.1196057443
8146100095,678531.1920905038
87000283,361070.9975508254
7937600010,342095.38587321294
2618300350,240379.07554093038
224069102,510944.3046878653
7129302095,194977.45939701353
7352200025,1125481.8897539144
6163900333,342390.2919201583
3528960020,646393.2965790989
1687000220,304274.9742595636
4141400030,595222.9237078325
1822500160,331014.5908692857
5467910190,365526.5216609247
9331800580,301238.8807000986
2407000405,199099.49950623725
5466700290,279592.7072720373
3026059361,460204.58913250425
1523069096,499348.91360362835
3876312010,441280.2012529326
8832900135,715291.9688952181
9238900616,566586.0750611664
4142450040,288125.27114756516
9282800065,271394.98866555427
5379800862,330748.5314817814
2459950010,271342.6167148326
4435000520,214048.5073899975
1552800010,313973.2329362005
7549800543,309473.3328559189
9828200460,412335.2739906003
6345000160,1049366.0285547173
7129304105,331939.60901722504
4302201005,296748.2344690053
2450500110,736586.2123194012
5166700050,552945.6420025534
1085623710,374775.86762818706
1123049129,287691.4888149091
8566100200,985216.8228877194
1774000780,447010.7425861243
9492500170,790585.3804930028
686530530,672331.3888158082
4022907770,589995.8610279255
6052400975,283906.5621373958
3438502501,414741.50720952183
3758900023,1086021.5293037568
1645000580,284429.2408334078
8099200030,231691.1338861906
7635801371,477887.92312951776
3456000310,792677.2336987671
2025059150,861607.8231371945
2624039114,502300.261520528
3348401095,303784.118363733
6633900170,510588.41797363485
2600000510,674668.6076291353
9414700020,341427.3229159741
3204800520,384384.0812346754
1844500025,336047.5841448526
4137010590,395174.608188811
8564950280,527702.7297193251
1338800491,1021220.5246645339
4058801702,798604.4613898015
461004720,542121.2691635358
3123059107,636037.7836146703
6819100380,548586.1506016661
1193000390,1017983.1012085957
3450300270,314015.15032525564
3110800040,272117.4098863414
1437910090,559151.9240683301
3645500050,437989.5045129009
4338800600,254466.3716306333
2114700530,350674.81082602096
6381500450,356232.38600693515
9206950200,293820.4768181904
4232900940,755769.424255486
1025049174,1166374.2997982064
7774200070,674238.0565565188
1231000310,438740.44548103545
8155870200,296709.6396295814
7935000625,956334.9761270251
2426049079,318519.3608116194
4037500230,514727.43406337127
2331550120,320360.6585925358
7974200765,510606.5697074387
686200510,549877.3962946308
4024100670,468433.25231249887
3834500195,480027.0955487428
3526059115,572487.9571992903
7950304075,325990.09730285243
1386800054,324923.9684939674
9834200165,492804.60223688616
6147650300,339919.85082350514
6891800360,573106.4805269405
9170500060,533086.8941359189
65000260,795957.2010869146
7784400130,531964.7408679435
7941140070,371893.07614369044
2122049096,193354.89464232422
6003000851,323380.61104321585
7203220050,947944.4896507701
8898700960,305364.35146684886
5245600105,217239.63800680454
3530470190,183871.55027586845
7883603965,273704.2724509535
4022902505,523846.6528242248
3211100240,311992.29821719567
5119010090,509607.87892363465
3821000100,257896.6246483019
7301300050,389613.06094480614
2171400197,360012.59881934297
9471201175,1422982.435775712
2473450200,410706.494384005
2258500045,452326.2756006585
1139000400,456263.7529709452
3298701025,204379.18028573462
1498302774,352224.4999241892
9276200190,548457.1320992665
2909300240,665992.6786721002
1250200693,589379.4687357825
3101500010,337516.9633522068
2557000630,262892.8927591422
1324300091,403827.97507314116
2826049260,437151.92050643987
3342100421,629505.4056345045
3524049083,372970.5358662974
9103000393,1506009.4009483627
3121059033,243672.85496849922
7853240200,591685.7824588763
7950700120,280656.1399820816
1822059057,170819.54862380825
1219000473,310011.53015744325
9272201385,718049.3278352185
1336800185,1070859.5007082503
9268851630,438166.2188406458
2788400315,250317.15598842053
3529000930,566869.4234347058
5631500967,425732.0604482175
2188201010,241629.2115712993
8562970040,737344.5984047609
4415600030,369313.3203688882
2473251170,294156.4556139719
7511200020,567087.1982832669
1163400020,263854.3685886008
5412400180,239908.8177950715
255450400,344696.08512000483
1687000210,308876.45714902726
6749700004,297558.23496739607
2738650030,545699.5958901013
9136100420,721186.0981661234
1924069115,849445.8197547961
714000155,620048.8697722711
904000045,773237.1378155495
3395070640,281873.03594928386
6308000010,631849.4498236454
2695600130,389536.7288752117
3626039279,402786.27611159015
1623089039,258714.14473085996
3438501327,317191.36026288883
8118600025,383903.8343301701
7625703435,786707.1511873825
1807900300,702299.9585695403
1862900360,296424.4221179116
2768100186,489993.1830946964
2524059269,900373.6684001463
1126059108,926411.7480934276
7856610130,808218.0165315787
7203000200,222741.87608315263
3630120700,784637.1336678698
1612500090,211025.64455131936
3586500620,875670.585257024
5207200360,429950.71698706364
6675500035,406220.07108106645
1781500385,384449.57933521754
1150900080,824433.0561225718
9541600355,789285.4648412943
7525530670,800986.2906931639
844000375,316082.0450183536
9578140180,331505.26479461615
9558041130,335545.25648770924
1788800910,184568.26492131155
9550200225,526934.0804690269
8643200055,262337.8020214421
6143000020,281872.3319912699
8941100095,1074087.0919367427
3630010020,420291.44924043375
2895800610,316765.46247459494
822039084,747294.578481751
5423600080,581433.2406527534
3992700775,424902.6723759559
3816700150,429014.3193032492
4083302485,695499.6862975088
5127000810,341508.8631271969
1725059182,1342736.538736301
9485930120,372648.47560300253
293850040,598109.5992684406
8731981940,339878.3482194146
3330501545,297400.23705231777
1026069061,796456.1718321543
8121200710,514221.0408718971
3764390100,473825.2912267944
9493200010,345362.02260878397
2902201301,615864.9710436927
3444120130,446619.0355344512
5256500025,434338.3931451055
4022902715,524015.1095518813
871001500,685350.2320899714
2329700440,199399.16655148423
1773100275,242703.8619369991
7852160070,1035160.1811191943
2141330560,611506.132197301
2505500009,761984.4906296859
8647800150,335404.90398323385
4337000200,258842.8177368233
9264901680,261883.55850396442
1773101050,312223.0793177522
9320990120,309841.03217708715
8856960280,314251.0287841529
5589300585,310356.90417573985
7935000595,958398.8924728014
7203150080,631882.4241667606
5616000030,326375.6223315868
825059178,3613369.9115949553
6666830390,705471.6007554977
8732900840,622021.5630490045
2095800520,493546.13247755566
1771000760,340849.1553037015
1901600090,376767.73583955446
8857600680,231194.23722409806
4038700830,592523.1489723265
8956200070,366628.9359284195
8081500050,2042861.3209048093
567000755,423399.8715467113
424069264,739740.1026672688
1564000410,879120.470999827
2817100910,320133.3424149089
3303960080,893148.4881118162
3340401535,172829.6969974316
1622059095,277338.4508609966
3278601940,377809.53516160266
7202380120,452254.3109309216
745500010,761681.0962041562
6608500220,416732.0369992214
8024201055,370523.0758764229
8929000140,448348.9471699753
859000160,295171.21650015475
8673400061,427404.5678323243
1269200229,916048.090419484
6705850300,782120.4861085451
3395040550,307218.6619417706
1697000370,195351.9656060868
5245600120,256303.28264757578
8892900180,212503.12618075922
1794500360,729181.6527797326
2025049192,567520.5109169417
1930301325,867133.5367916188
4217402162,1363842.0005314506
8126300410,542359.6692928498
3345700215,592487.1914570458
2887701420,431659.34640390915
2887701251,399924.363685347
4036100175,627657.3482082313
6762700515,1109310.3186136782
3192000085,193828.86433522013
226059096,1287910.020835607
9238900855,464607.4852864222
6706200130,318303.3795580981
2744000010,268757.25040543627
7202271060,691748.0048999366
7923200150,583041.3402511801
162500030,315484.00139484653
2571910210,270762.84356959467
1523059105,354766.0653541187
6052401215,229320.69324008486
6626100260,758465.4474511262
8925100115,1213795.2678267946
5459500165,875127.1976309568
7686202635,180090.49856479073
1118001370,1298370.242708423
122029066,442944.5039206938
8039900130,346658.6976986998
3262300235,1284073.7146250892
8860500300,333160.96587435144
8956000250,547536.7760521625
1646501920,512711.9794035769
9284801500,442487.30843434844
1442880380,455516.13714542176
1311500020,247293.13344865487
254000695,345998.95797965315
9477101280,401848.28345834813
9510970530,632653.8915808104
6891800500,588174.5199304492
9407000230,302177.97177238937
7202340590,692556.4838595282
8151600590,306941.5633323831
9407001600,288195.894858409
1771000690,320396.6361628179
1525069134,1046833.6069334833
8645540040,299699.33341400966
9414500200,419245.98872668575
7883607645,215082.64536112582
3845100140,328369.8789680733
2726049164,448236.81598980835
4340610040,301663.14478137903
1245003006,1207636.275672331
1105000373,246609.0062442186
6083000123,199652.19642299053
1777600450,620186.0512613781
9558000100,429022.33195493027
2473002060,336650.2102917946
943100689,329512.8998304083
7544800395,406655.0917508756
1931300090,622601.1135248916
7936000252,506626.56322844984
7987400316,251852.6139030183
5152700060,670825.0420172276
1721801025,218608.43210291406
3438501450,307135.25810762163
9222400510,374990.6036987503
1796700160,269022.42154863
323059208,340700.13306416216
3392100050,192303.43644610915
4038500210,711556.5832887414
6324000090,462312.1661380614
7549802535,376745.1475189529
3343900326,450165.94032752624
5701700640,818722.8231393921
5249803185,525792.0366213209
8838900032,764672.9835382953
1237500577,923571.6531651136
8642600090,295465.5340656072
3303100075,464031.60226884484
2133020020,376773.35567420966
7950302890,496458.1604096897
2770601734,625446.307009309
2538410140,356651.32836468745
8159600360,578196.3073447067
917000300,451860.7154996431
2391600330,362062.5076194549
9285800585,532544.731761041
2005950050,231174.02199235375
6450301835,359867.1595642099
2473480520,328851.5447797136
2818600010,1289592.4982643474
952006728,356590.70536527946
3422049088,281815.18778726016
3629870420,1015833.82567427
1079350090,311330.0379634409
1509500060,398688.8675107528
4039000050,493426.9256815318
5288200230,632602.0121012088
626400020,742378.2684711805
5457300095,1962722.3529731382
5000500055,208775.67796435807
324000530,486271.9711108888
6713100031,411805.82672287815
3316500200,534074.8000911156
3124059006,1264580.7383734086
1125079111,1608743.6030831437
7852020300,477055.50375524967
123039364,249517.50703138876
7883603190,277211.2665036817
9828700900,546157.8581069624
6821100015,661640.3724654419
9522100375,705738.8488856696
2420069201,239405.5138277882
7504110330,746688.4726531678
475000510,541971.1239446071
2425059074,787927.9807392686
7518503685,440268.953497095
5466400550,223986.75096947263
7852150720,433536.47847347724
3066400140,620734.0403726263
3298400470,521658.7250523661
2902200874,683960.0886376655
9500900110,216378.15947483442
8835200160,351172.3314422904
6056100295,286420.5208821815
1858600042,339135.540477562
7224500010,265333.22207230213
5457801925,803146.1403996628
7575620750,259382.21069728656
2391600735,508750.8624855717
6192400180,813481.4146172998
5249803870,509374.2680440959
3575302880,380256.96212758875
7225000045,224468.54991504605
5561720180,272881.27056151367
1972200428,493538.93156356044
892000025,177657.37802844355
2944510080,286734.3186129503
2428100100,749459.0277983474
6647400250,461782.5523809744
121059038,367265.07830433827
6398000191,495949.8952419546
526059103,312709.5245403126
8856960720,295733.4648821106
3832500260,251782.2859514468
1623089025,465123.765615883
3625710080,1117295.2067871632
6446200060,736904.4973882822
5706200370,446977.16912971507
5515600088,233249.4503523476
8029500360,326407.9886872826
6700390150,261904.13792218413
642500080,426563.2283124701
6150700264,356470.9901603521
2473371780,409410.9760361955
3905120540,577839.2598655524
2652501215,748186.8859082226
3176100110,729703.0411140854
7574910650,775255.2829050992
6385800030,280342.37905984477
4443800960,497666.48597264366
8731951490,281850.7465582541
3380900125,355669.6143209355
9828701508,600461.6090736011
6699950310,370260.5700756764
3321049112,383058.02040340664
1824079052,1055203.6940641056
8032700140,880568.013880766
8679600150,567525.9667312246
5040800120,895136.3890687084
2026059119,414330.8389737739
4024100951,446131.165603771
7212650990,326628.737016956
936000060,345364.87057319557
6181500340,327430.59332689166
1137400050,427650.5630973313
3324079092,395925.82251393714
4268200055,295820.8221392594
6145602240,414133.5396465058
475000176,457417.8246081079
3279000120,236324.60823840057
9392200030,256736.91763859396
3438500714,380896.2729295512
4306500070,392080.69377287244
8588000610,193910.70074971742
792500190,338742.2354869704
2461900850,475069.71989666513
2660500365,366733.17503596697
5451210100,715624.6613691485
2787000040,323606.1338590515
3278602670,212214.9366814058
9528100899,651826.2618598395
1324079085,340241.4032350843
9477001140,382139.7251420833
9521100880,699709.7885543227
7853210060,423195.85284340376
1326069094,415899.26335520664
3420069065,379542.2461678552
5468730280,268232.5389439564
5437600140,332268.5251569616
5127000410,349093.1600531454
5445300050,534926.9153411533
3375300360,234872.23555990425
9297800165,535975.6209538591
6021500840,569861.1358572938
4323700230,453928.8351888028
643000110,250679.49299371324
8043700105,2424512.7754795146
6824100014,413219.99104686023
9542830480,315990.0150476736
736100065,949182.5072155448
2592210510,891669.7487544924
4233600260,999664.1738715555
1266200015,719870.7491604501
2787700060,337310.98181073647
8843900396,386407.1657808412
8029500380,261336.6795273171
5292200010,436077.89347779175
1773100980,315771.03046009684
2886200070,606072.572900012
8594400110,338377.93719561945
9268850180,332098.0633780503
4141800285,1689133.7546208578
3188100007,441865.88966420665
1796380960,264274.90039664204
7202330030,473753.67341387394
8078440140,554932.7968456434
7983200060,203020.2854421506
4427100025,386036.3140599917
2113700510,292023.0265391364
6446200305,620992.7824073471
3425079088,585183.7279065107
3304040130,329090.4023667613
3222069153,312301.1892908024
5127000470,356662.99626225606
7525100520,436791.4230864607
1868902745,827283.3047529919
2920700220,379953.7920165444
1105000780,351674.5739667937
8563080020,859547.4729291784
3630090110,795810.6322385499
856000195,2163497.193179878
8649401000,195919.09028665427
1315300095,727124.9935601228
6802200670,253457.08797550015
1523069022,350544.7141226249
2624049165,443873.5321606236
1972202080,538251.661377938
7211340030,229870.5233492362
8850000180,352166.4907806638
2787250080,519808.08756751585
4235401055,532964.4089650721
5226500250,512109.986647807
3294700421,304523.6004108048
322069180,707247.7469829068
1025059186,484839.78088147467
1923039022,596893.1337118187
1402600110,384213.1497467514
6817810190,396467.6972961624
434000030,648205.4773375688
6056110460,513478.6501802592
4337000285,248491.83052479406
5710610250,608850.4265128736
1049010620,247561.6797194622
5112800234,363513.79481079394
2309000060,529460.2251678247
2985800030,471983.1612858885
1604601570,380284.9431951181
1563102435,768184.9835411247
257000105,188758.59376122835
6788201440,794425.9696026595
1442300005,409177.46687149396
4055700784,806672.9839238164
3889100029,780052.725211568
4139450760,1073636.1606894638
6079500230,625155.4162266379
259601010,408151.70070884546
3980300020,263877.11614058126
9390700100,532397.670047681
7200001005,460981.1969706552
9264920250,276013.29885884287
8682260470,441952.17524294916
4083303815,817513.8362542839
7383450250,336015.68229987414
253600180,412308.92217038875
1450000210,171956.2919791245
1133000100,421455.45784147293
7511000050,1088598.2440273752
5710600030,507019.1428255837
4178300310,736155.7465552379
3041700570,562078.2203270252
1238500978,441561.20656994433
431500155,678557.3467516178
2937300050,996813.5703345364
1352300315,220874.8167826243
3277800823,345227.8579539825
8895800110,1048175.2690721996
9274200318,554530.240171267
1118001805,2138205.254066062
629810720,826022.3305974512
6852700476,608542.3204896017
7345200650,246468.0390379084
8929000290,434863.521739161
5506500170,635748.4162847135
8899000140,257818.8499863084
4006000423,283628.3032739563
7137910140,240195.96689744457
2423020010,432105.2968715118
40000362,161295.1640013513
1657000070,227367.76969820444
2124700015,231456.46786402975
1887500045,272219.8072800795
6838000170,471008.5067840831
1310910290,316350.17702208465
3599600276,233750.78350624125
8142000080,376815.0752603521
8856971000,282042.4442422515
624100950,780508.3620941198
2767704332,478882.87484796095
405100165,393546.37389045587
6117501755,414062.01642981346
8961950410,311462.84874087246
1523550480,586314.6621397634
6840701160,552725.1919915997
3331500650,323834.7564398273
1862400517,384062.7487547991
9558021000,368045.73620101786
1310800090,213892.03917588125
5104511040,348754.8016455284
522059189,243975.07786192597
3448720020,383605.2074567689
1310700330,269339.6757498089
5649600462,314517.8108749032
1853000510,1032492.32873338
8128700005,313749.92614953395
6352600210,841204.8695398477
3754500010,796236.8353430968
1962200475,835098.8149570143
1773100765,233079.9396224274
8895800200,931428.6619872419
1310900260,315625.3513425526
809001525,975875.4559779062
2624049103,316248.9180257581
9191200380,610508.7971086439
6600060120,422899.5594355046
8150100045,264267.616130455
9558010190,366258.7894525111
4038700930,586691.3785816038
2883200775,661915.1732373298
4036800910,472131.19268290955
8673400177,571370.1634882275
7110000068,875571.7484491799
3279000240,224380.7630272009
9545230280,537957.3283277322
8815400105,562709.5348065591
6738700075,883372.3641497227
8732030490,287316.5961972675
9532000070,530739.7161975626
7752400075,514875.29484524124
3824100051,388289.68874131556
2768000270,536489.7338360221
108000127,519834.6210030658
844000225,272606.93231166457
6817850040,986524.87577419
4447300137,1013173.9822837489
8598900125,357946.66265096195
5072410070,455032.56955738366
7129300520,252583.82772280392
3830210020,192030.45131154303
4137040250,297907.7051837594
3022079080,688470.7200522525
722039087,244108.70597644566
3924500040,697870.2067284371
2473381090,336959.8291558914
2201500490,367656.13276146335
9265410090,223087.26060810793
9286750100,404082.0632210166
2023700040,636665.7259934761
324000280,625178.7040576596
3814800280,346523.8960305893
7697100030,494888.8586940307
8731900790,288418.7425520833
8044700010,567420.3680603416
6123600100,212707.43405358214
1450100390,186892.97522234882
579000550,461306.48833323794
2459000020,319487.99127130146
5016000315,466581.1338342409
1193000190,795811.0863619773
4038700730,569588.6646798025
1556200265,703836.3205932708
6600410170,204720.49059200517
642800130,684769.7934562354
1043000100,349361.02813648735
7809200055,268318.5389486119
7010700308,1033429.9781694441
8680500090,544385.9215671693
2719100355,677400.6556930187
7905200147,552433.5015505995
271200130,224865.3848697653
326049103,502931.61633401824
8682211030,447719.00373100414
1070000390,1155914.558414786
8648700450,691664.8862028632
2695600410,467644.3941823207
8562710640,988849.2800972076
1525200060,642963.6800696846
1822039138,692504.5224890915
2767601375,559873.3460121433
3425069117,1252653.7277452052
952004570,389879.3846074535
7625702616,322029.2113661536
9818700430,427634.64133996726
2822059091,255691.73726238526
1775900220,357070.9874480562
6371000079,693333.6331368
293760150,975459.2467776121
1336800880,1375746.19833592
2771600550,1303960.4404158106
3905040040,518367.6798490124
7787110060,449844.9949918974
7708250040,348675.7753437508
4022901316,501034.175934618
191100235,904120.2046183038
7852050220,367219.45037298603
3293700480,415755.27385942126
2597450620,1397978.4977286763
6169900580,1502671.6600145705
2767602855,724647.4437197366
810000080,865714.818846289
6392000625,477284.2775160151
1865810290,189050.34896797684
1568100380,321669.809059931
5249804760,399609.06227186497
1337801060,879318.0290745089
6181410950,247042.4867100422
9264900660,323055.6455831
9122001231,590040.5262498695
4427100030,385735.62214337604
7334400070,309233.4831124937
425079001,576121.9681163006
7436500360,526600.5193498386
1245001295,710552.6848762354
1310500550,288656.91262585274
4047200950,265639.84162533947
9103000455,832609.8983934562
2291400341,319901.2276288977
3876100310,417422.181430685
7131300031,282501.65249033977
7853380510,660252.255084007
7409700215,674050.3807603939
5248800250,362366.7347708491
126039323,399448.0835684832
6632300207,353794.0073460195
3826501060,256885.76400074348
8024202520,429765.2304604854
3343901401,492805.1054274847
6431000005,525908.2086838637
9232900075,346054.44593238464
3056700150,219634.7700771976
5104511250,473755.3583923187
3658700510,628396.1330714308
2895110062,291020.71212981874
7454000990,248119.63649913875
4038700680,597668.3521664182
7811220070,582530.0665677635
8091670030,354104.6923393189
3438503045,256419.8476693618
6388900710,521788.2549224782
7956300020,180442.51339274412
1775930440,492085.29607002897
1762600190,1002558.3455712888
6600400260,214523.54878162086
8728550150,580660.9581638691
8155500110,582777.9937126767
9169600135,479376.90726745885
1777600490,681784.3184422563
125059179,615166.0779627792
7558700030,4947004.051066822
1702900624,337774.3847991852
3343901403,512481.9728606751
5101400994,355207.51280117815
5547500050,266412.4453838268
1705400350,371598.51995248784
629810800,945174.2134613434
4104900150,593631.2842320465
7888000390,191200.18317460193
4140900270,391354.4297316957
6649900030,387111.06535236037
820000012,431657.83893661725
6151800080,321661.1966976569
7454001060,233015.92511061268
8682262330,417090.2544507323
1566100010,389573.93596329784
1180500070,403897.71180713834
1112630130,370034.8982396323
3101500090,377177.25825540104
8682310220,666328.6110058029
4032500035,452542.26637307164
1623800440,519237.09995698347
1088400190,235035.73149018383
751000080,407088.36432539445
6675500070,396332.50100718427
2193340140,545485.406567604
522049074,359647.4020634755
3204500340,275211.4964033482
5104200470,442770.0791373471
7517500611,765946.4406939144
2946002140,277363.8200122706
7631800110,998372.9042324296
3529300330,309047.6095049243
3885801970,641465.3873853928
5456000570,1267875.5368554757
4123810090,361886.2419909309
4037000635,512251.76184485
8079030350,472613.5192481661
1726069060,688605.9203829826
6858700225,233376.77814490435
3356406510,205440.3701779088
5423030040,632455.9235317055
3111300040,452603.16629156814
259800060,480572.15969543374
1972202320,450389.24901893333
5100403818,357905.30047148716
1422700040,222073.82611146063
3625049014,2816424.9749219716
7852011040,597392.9274841767
1201500010,704186.479194044
7195800009,310976.3529776246
9407001320,252972.0488729285
9508850100,672294.8302005329
1328340380,276039.40735916875
3885804305,961856.4054063449
7128300630,622126.4494993839
7574000080,398732.0194314761
3744000150,448928.84622280835
2607720150,512033.7865796939
7203190110,645669.2491399148
3904902430,668214.7310366094
11501160,805667.4387453268
9209900315,512151.25045039016
9465910030,578055.3961001835
3622069103,654084.5376314317
3288301010,496539.45529739675
4395600060,791042.7621367723
7694200380,327633.57646501885
9552700550,666879.1818280644
9264921110,281174.6958015643
6738700225,962048.6694930997
293620220,848091.2642698792
7525300310,652504.8956979852
3992700036,435511.6779160084
3577300040,440028.6115531028
3812400202,237776.24186388886
2402100055,667170.8654592873
1853080790,797906.4681292872
1994200260,732552.0179876697
1339300025,821075.6635682508
7616200050,556294.8840038998
4022902555,660101.5700635514
9528102110,657280.7607852914
6613001241,1543494.7406094624
3205400240,362183.84973225015
6065300840,1568575.7161421124
7852040080,504176.96348415845
1920079039,249646.48310310743
2817910030,450175.924064231
1563102880,716567.9847766989
8561200110,560571.9309346002
629000605,1222833.9350497713
2781270440,228659.27163036546
6152900273,329149.1205304939
3303950130,375061.43441304186
6411600113,333440.70805191196
4055700167,793380.1595249588
291310310,521407.1331622594
9523100550,780568.3547660215
724069070,895730.0116327661
2408800120,367825.7356218025
7559600200,659313.4227108791
8165500790,361221.3639963958
7856620870,817884.8941377866
1588600040,340167.585929307
1023059246,482264.5497823909
1938000140,710089.5922483053
6061400160,379084.8719033558
4167300350,257189.3380293504
8649400790,218132.6424472377
173000036,327849.7737717538
225039049,564403.2791295736
8043700300,2432294.057051949
3834000400,395807.8439129346
4054530260,1757102.9147037722
8724300010,664754.9546254904
9358002232,365710.1621601988
3298700012,229903.46897038002
1125059071,918030.9847598241
3885805300,506099.2065714174
5315100784,1222143.4318986572
3861400030,799705.983895563
7202340010,652718.077867284
7272001805,334633.8966199303
2781250230,326834.86309158953
1042700300,828052.6625361772
123039279,180415.65270043723
3760500336,1474598.1743921167
6979940100,790870.8648211549
686300880,708422.0929613839
5214500690,425091.663619691
6021502250,628857.4236084281
1320069223,299064.6953711499
2871000300,798776.5095468066
2724069117,383329.19814563205
1159400220,761694.3229802443
2571900380,281554.35343423433
5528600050,354691.7802664511
7686202730,156366.04653416714
2225059118,874076.4477147871
2558630350,454916.8218462011
3655400060,426952.7423841149
9558200080,292730.4797815221
1796100015,560689.8736597109
3378900020,526217.1320881046
5416500040,319256.0074607712
8856004582,211527.9854068197
3812400107,378274.5697513036
6126601445,508361.54442551953
2997800021,457361.4103716359
1211000280,370475.05146828876
766800090,246716.37393368344
3224079005,282450.9281199277
619000100,366303.2063820834
4319200620,380445.1712747538
626059335,516536.2161492009
3340401570,304323.51512951934
7015200800,659225.4145461118
8106300510,511212.5979949663
1446110020,448675.36964156205
2872900280,588866.8559872244
8965500320,760229.8740451715
7853300070,517156.87411507044
5652601455,750151.2649576062
7579200915,984693.6704716163
2641400160,376559.15022587933
203900460,393804.03510137426
2998800040,606546.7123916954
7519000170,541351.1139611205
923000425,738170.2097095186
2973800030,213456.32950033236
6430500182,991733.163205325
7304301010,348699.51891419984
3861470110,2078402.5258452317
2296500136,672617.1145021475
6790950150,764551.1069334444
8123100045,522962.3648618091
3142600130,594083.9742545808
7137970130,317669.96534012
8656800190,381250.3601254113
7135300046,268979.27485580597
3629960680,444919.95704263425
1133000385,703963.2715806492
1085621960,283868.3531197282
9542802000,209603.47417736988
8151600973,531523.6090853254
7019000050,379614.796638214
6021501920,617403.397404382
7399300420,238875.6863278424
7548300731,546288.2819363868
5316100220,1016009.2460336685
5152600090,322268.3346380171
1703400470,338664.5241400863
7316400070,341052.0644908602
5561300380,487601.34743784514
2215450100,330768.02217191283
8635750330,654062.0625409192
9492500140,789651.4284011282
5315100393,712208.9560250589
8588000315,231246.2239173646
7524200180,245394.5810741308
4235400255,413150.49623846647
326069131,622210.1681688674
4077800026,782287.5759633755
9477000120,374125.85588296084
5608000590,1044186.1661520766
4137050130,283855.6085117559
5249801440,416093.594033752
9264901510,274889.0786719132
5437820250,207507.25134477206
200500410,466085.1660847102
9407111100,275963.45150920155
126039252,386477.64947532245
6141100255,388798.5941012618
3013300830,389577.63498578075
3271300955,803745.6457033905
3021059276,265617.2021382388
9542000050,702548.5669303568
2769600035,803588.2129767531
3824100364,476463.0163245055
1726069202,369128.6521635841
7327500270,358000.99556167144
1189000207,453707.4342961289
2472950160,266710.2153148085
9558040050,588897.2863469593
3438503120,346744.2823948297
9407150240,280493.16589799913
1370804295,669633.3125873711
5700001100,623154.1262485526
6837820030,415744.5820736483
5411600210,828397.2339410299
5061300030,208980.8957190368
525069133,966095.5885612054
2121000250,342001.97603507224
3179100720,609904.0289806455
2780700050,440855.4500183962
1545805820,268895.4024363561
5702380630,258597.98361470777
9211010260,524245.10762235365
7129300595,265128.0712253101
6802200100,239270.76212966643
3304030140,388403.79981789296
2623039019,909363.9301751411
104500730,207177.96176018717
2924069132,679787.1485437693
1775500310,688802.2384631992
8114000040,316091.89613521955
2011400021,422482.3624008074
7525570020,677728.5448108106
2917200615,408484.42811394145
7697000170,292762.37281901826
7871500070,770958.7511817068
7215722010,522533.01532392757
6300000378,462492.22807250015
7159200005,2611276.152151992
8946410040,399636.6408161261
3893100327,383431.662548732
635000009,940915.2030896026
2322069116,494041.77684314345
2760200050,347609.86727152136
3432500210,301757.2614568812
5700000245,531560.395685411
7588700177,299709.01632381114
9178600135,643201.6634187939
9830200475,412953.28005067207
8562780160,330713.66607215087
9826701665,561652.61483609
7504010900,686899.2339762574
2770606915,510102.3713300926
1254200075,576704.7405296593
2473450430,451435.00374364253
1433290010,415473.2828584657
7586200061,345040.386480457
6841700070,513792.8534811366
9826701320,468410.95454924525
8943600720,281807.18983346556
6791900260,757795.7868592527
2301400640,694807.9986084944
7979900210,364743.83140412514
4037200665,429173.02397864294
984000650,306505.1251423
2937300060,877143.9739843523
8731982190,265036.33397328766
1445200190,265448.8270703046
952003285,782943.9374684325
1402970020,381368.0218484151
2487700274,381858.3218375795
8113101670,437131.29104909115
8682300400,611596.4702062388
809002435,705362.435966663
4045900147,584523.453343565
2991000400,280738.7630920593
9456200405,192719.84611416486
5104510370,300334.8224025882
9414610240,482629.0888701384
2111010760,353909.6005097151
1854900430,670189.2145631312
2624300080,906005.0143142426
3645100280,471497.13131983374
1433100010,255109.8815647954
9533600100,1193640.678204893
6743700030,476981.5280707728
9294300070,697843.524891683
2114700540,256202.89504806197
7853280550,717296.5868982198
868000175,653587.2261091745
1446401290,228717.17901122535
9109000050,308612.1022584216
8856004327,259028.7106102082
2329800110,268023.35064666433
3031200230,387409.70690837817
7582700075,1692170.3523549682
2422049104,130510.64068178897
9274202885,506212.60776578594
1770000090,415073.3712107577
9500900430,219153.48402900028
7305900082,362940.7918956942
3336000170,333337.02891574596
5680000455,785520.1290183495
9808630210,967858.4490051069
8807810110,443174.7623432876
3824100211,422207.98932612187
3423059153,547363.9483690526
3937900120,463955.4753967521
524059323,853425.4132000436
4305600250,505362.1441229543
1257201375,625555.4216795109
853600150,1360045.730461595
2424059174,1451571.1661515941
5205000400,301411.61644569197
2658000115,209143.2701425089
3055800020,291019.7812487803
357000025,535870.4195038986
5666300010,330813.06915382866
4167700210,262464.4251823472
9187200275,738706.0294942411
2960900040,452472.3388520543
1021049022,234536.68031369458
7750500120,226828.88224865656
7153200160,1223374.7209572813
4406000390,246101.42816031992
629800380,1382044.6491510663
2026049125,292475.41121847735
6117502230,1935668.376246263
3379100130,477711.8874680723
2472920140,443902.6315368926
7214720075,591641.1998737719
1771110070,333237.97186716495
5127001600,310180.5397223265
6666860210,330493.74835817545
5467200055,322652.12312270317
7819000040,375539.1203641975
3790700070,299677.8364274392
6362900138,356826.4316093466
597000593,363124.5807148957
8032700070,665937.7760300395
9301300215,1121859.7931872234
8902500118,383132.1591214895
6607000095,342241.47958232043
2163900081,850900.7118673017
7732500270,668181.8561048275
3856903515,634391.738792997
2557000400,274511.87487850286
4386700135,1680656.6005573717
7399000360,312912.92109472025
